ID,predict_prob
8800.0,0.17
8801.0,0.74
8802.0,1.0
8803.0,0.85
8804.0,0.85
8805.0,1.0
8806.0,0.22
8807.0,0.86
8808.0,1.0
8809.0,0.13
8810.0,0.15
8811.0,0.13
8812.0,0.08
8813.0,0.1
8814.0,1.0
8815.0,1.0
8816.0,1.0
8817.0,0.2
8818.0,0.92
8819.0,0.09
8820.0,1.0
8821.0,0.63
8822.0,1.0
8823.0,0.99
8824.0,0.81
8825.0,0.77
8826.0,0.21
8827.0,0.16
8828.0,0.77
8829.0,0.26
8830.0,0.98
8831.0,0.74
8832.0,0.17
8833.0,0.81
8834.0,1.0
8835.0,0.77
8836.0,0.83
8837.0,0.14
8838.0,1.0
8839.0,1.0
8840.0,0.11
8841.0,1.0
8842.0,0.21
8843.0,0.16
8844.0,0.21
8845.0,0.07
8846.0,0.17
8847.0,1.0
8848.0,0.08
8849.0,1.0
8850.0,1.0
8851.0,1.0
8852.0,0.29
8853.0,0.81
8854.0,0.93
8855.0,0.74
8856.0,0.22
8857.0,0.05
8858.0,0.18
8859.0,1.0
8860.0,0.76
8861.0,1.0
8862.0,0.77
8863.0,0.78
8864.0,1.0
8865.0,0.11
8866.0,0.12
8867.0,0.32
8868.0,0.78
8869.0,0.75
8870.0,1.0
8871.0,0.07
8872.0,0.98
8873.0,0.75
8874.0,1.0
8875.0,1.0
8876.0,1.0
8877.0,0.13
8878.0,1.0
8879.0,0.16
8880.0,1.0
8881.0,0.8
8882.0,0.14
8883.0,1.0
8884.0,0.17
8885.0,0.8
8886.0,0.14
8887.0,0.15
8888.0,1.0
8889.0,0.76
8890.0,0.09
8891.0,0.13
8892.0,0.23
8893.0,0.69
8894.0,0.75
8895.0,0.73
8896.0,0.13
8897.0,0.14
8898.0,0.81
8899.0,0.81
8900.0,0.83
8901.0,0.12
8902.0,0.21
8903.0,0.75
8904.0,0.18
8905.0,0.21
8906.0,0.18
8907.0,0.68
8908.0,1.0
8909.0,0.08
8910.0,0.14
8911.0,0.15
8912.0,0.79
8913.0,1.0
8914.0,0.25
8915.0,0.78
8916.0,0.29
8917.0,0.93
8918.0,1.0
8919.0,1.0
8920.0,0.81
8921.0,0.11
8922.0,0.22
8923.0,0.79
8924.0,0.99
8925.0,0.79
8926.0,0.82
8927.0,0.09
8928.0,1.0
8929.0,0.18
8930.0,0.84
8931.0,0.06
8932.0,0.16
8933.0,0.76
8934.0,0.79
8935.0,1.0
8936.0,0.86
8937.0,0.26
8938.0,0.09
8939.0,0.75
8940.0,0.21
8941.0,0.77
8942.0,0.79
8943.0,0.77
8944.0,0.74
8945.0,0.11
8946.0,0.21
8947.0,0.11
8948.0,1.0
8949.0,0.83
8950.0,0.82
8951.0,0.15
8952.0,0.84
8953.0,0.14
8954.0,0.91
8955.0,0.76
8956.0,0.11
8957.0,0.21
8958.0,0.06
8959.0,0.09
8960.0,0.88
8961.0,0.98
8962.0,0.13
8963.0,0.14
8964.0,0.75
8965.0,0.18
8966.0,0.93
8967.0,0.68
8968.0,0.85
8969.0,0.77
8970.0,0.21
8971.0,0.1
8972.0,0.26
8973.0,0.2
8974.0,0.12
8975.0,1.0
8976.0,0.13
8977.0,0.89
8978.0,0.76
8979.0,0.98
8980.0,1.0
8981.0,0.84
8982.0,0.8
8983.0,1.0
8984.0,1.0
8985.0,1.0
8986.0,0.11
8987.0,1.0
8988.0,0.19
8989.0,0.8
8990.0,0.8
8991.0,0.15
8992.0,0.98
8993.0,0.15
8994.0,1.0
8995.0,0.22
8996.0,0.84
8997.0,0.26
8998.0,1.0
8999.0,0.16
9000.0,0.19
9001.0,0.94
9002.0,0.85
9003.0,0.14
9004.0,0.89
9005.0,0.19
9006.0,0.15
9007.0,0.7
9008.0,0.22
9009.0,0.87
9010.0,0.78
9011.0,0.22
9012.0,0.12
9013.0,0.18
9014.0,0.77
9015.0,0.87
9016.0,0.04
9017.0,1.0
9018.0,0.91
9019.0,0.28
9020.0,0.28
9021.0,1.0
9022.0,0.77
9023.0,0.2
9024.0,1.0
9025.0,0.78
9026.0,0.17
9027.0,0.19
9028.0,0.06
9029.0,0.18
9030.0,0.13
9031.0,0.2
9032.0,0.2
9033.0,0.8
9034.0,0.22
9035.0,0.16
9036.0,0.76
9037.0,0.93
9038.0,0.18
9039.0,0.95
9040.0,0.88
9041.0,0.2
9042.0,0.12
9043.0,0.98
9044.0,0.19
9045.0,1.0
9046.0,0.15
9047.0,1.0
9048.0,0.12
9049.0,0.96
9050.0,0.17
9051.0,0.72
9052.0,1.0
9053.0,0.89
9054.0,1.0
9055.0,1.0
9056.0,1.0
9057.0,1.0
9058.0,0.99
9059.0,0.06
9060.0,0.99
9061.0,0.2
9062.0,1.0
9063.0,0.99
9064.0,0.08
9065.0,0.16
9066.0,1.0
9067.0,1.0
9068.0,1.0
9069.0,0.81
9070.0,0.19
9071.0,0.22
9072.0,1.0
9073.0,0.14
9074.0,0.95
9075.0,0.83
9076.0,0.2
9077.0,0.13
9078.0,0.13
9079.0,0.16
9080.0,0.79
9081.0,0.83
9082.0,0.15
9083.0,0.22
9084.0,0.12
9085.0,0.81
9086.0,0.79
9087.0,0.18
9088.0,1.0
9089.0,0.13
9090.0,1.0
9091.0,1.0
9092.0,0.11
9093.0,0.73
9094.0,0.81
9095.0,0.19
9096.0,0.87
9097.0,0.85
9098.0,1.0
9099.0,0.99
9100.0,0.74
9101.0,0.24
9102.0,0.13
9103.0,0.75
9104.0,0.15
9105.0,1.0
9106.0,0.82
9107.0,1.0
9108.0,0.8
9109.0,0.2
9110.0,0.11
9111.0,1.0
9112.0,1.0
9113.0,1.0
9114.0,0.19
9115.0,0.82
9116.0,0.79
9117.0,0.19
9118.0,0.17
9119.0,0.84
9120.0,1.0
9121.0,0.74
9122.0,1.0
9123.0,0.18
9124.0,1.0
9125.0,0.13
9126.0,1.0
9127.0,0.09
9128.0,0.99
9129.0,0.21
9130.0,0.27
9131.0,0.08
9132.0,0.09
9133.0,0.99
9134.0,0.14
9135.0,0.88
9136.0,0.76
9137.0,0.19
9138.0,1.0
9139.0,0.13
9140.0,0.79
9141.0,0.99
9142.0,0.98
9143.0,0.84
9144.0,1.0
9145.0,0.14
9146.0,0.28
9147.0,0.21
9148.0,0.15
9149.0,0.11
9150.0,0.78
9151.0,0.77
9152.0,0.17
9153.0,0.86
9154.0,1.0
9155.0,0.08
9156.0,0.13
9157.0,1.0
9158.0,0.79
9159.0,1.0
9160.0,0.87
9161.0,0.81
9162.0,0.15
9163.0,0.11
9164.0,1.0
9165.0,0.84
9166.0,1.0
9167.0,0.99
9168.0,0.13
9169.0,0.71
9170.0,0.18
9171.0,0.23
9172.0,0.22
9173.0,0.83
9174.0,0.22
9175.0,0.82
9176.0,0.24
9177.0,1.0
9178.0,1.0
9179.0,0.26
9180.0,0.85
9181.0,1.0
9182.0,0.83
9183.0,1.0
9184.0,0.76
9185.0,1.0
9186.0,1.0
9187.0,0.34
9188.0,1.0
9189.0,0.68
9190.0,0.82
9191.0,0.91
9192.0,1.0
9193.0,0.85
9194.0,0.93
9195.0,0.79
9196.0,0.19
9197.0,0.25
9198.0,0.22
9199.0,0.82
9200.0,0.97
9201.0,1.0
9202.0,0.93
9203.0,0.83
9204.0,0.16
9205.0,0.14
9206.0,0.78
9207.0,1.0
9208.0,1.0
9209.0,0.91
9210.0,1.0
9211.0,0.95
9212.0,0.11
9213.0,0.74
9214.0,1.0
9215.0,0.85
9216.0,0.87
9217.0,0.16
9218.0,1.0
9219.0,0.82
9220.0,1.0
9221.0,1.0
9222.0,0.13
9223.0,0.78
9224.0,0.14
9225.0,0.78
9226.0,0.99
9227.0,0.73
9228.0,0.17
9229.0,0.21
9230.0,1.0
9231.0,0.82
9232.0,0.79
9233.0,0.12
9234.0,0.15
9235.0,0.16
9236.0,0.82
9237.0,0.94
9238.0,0.22
9239.0,0.71
9240.0,0.97
9241.0,0.05
9242.0,1.0
9243.0,0.78
9244.0,1.0
9245.0,0.2
9246.0,1.0
9247.0,0.11
9248.0,1.0
9249.0,0.08
9250.0,1.0
9251.0,0.73
9252.0,0.17
9253.0,0.05
9254.0,1.0
9255.0,0.81
9256.0,0.85
9257.0,0.15
9258.0,0.9
9259.0,0.8
9260.0,0.18
9261.0,0.72
9262.0,0.99
9263.0,0.83
9264.0,0.72
9265.0,0.99
9266.0,0.16
9267.0,0.8
9268.0,0.71
9269.0,0.12
9270.0,0.13
9271.0,1.0
9272.0,1.0
9273.0,0.11
9274.0,1.0
9275.0,0.76
9276.0,0.18
9277.0,0.92
9278.0,0.04
9279.0,0.79
9280.0,0.87
9281.0,0.79
9282.0,1.0
9283.0,0.97
9284.0,0.12
9285.0,1.0
9286.0,1.0
9287.0,0.8
9288.0,0.09
9289.0,0.66
9290.0,1.0
9291.0,0.76
9292.0,1.0
9293.0,0.15
9294.0,0.23
9295.0,0.21
9296.0,0.15
9297.0,0.16
9298.0,0.12
9299.0,0.86
9300.0,0.24
9301.0,0.2
9302.0,0.88
9303.0,0.98
9304.0,0.81
9305.0,0.7
9306.0,0.25
9307.0,0.99
9308.0,0.79
9309.0,0.85
9310.0,0.25
9311.0,0.79
9312.0,0.21
9313.0,0.07
9314.0,0.69
9315.0,0.83
9316.0,0.88
9317.0,1.0
9318.0,0.34
9319.0,0.14
9320.0,0.81
9321.0,1.0
9322.0,0.8
9323.0,1.0
9324.0,0.04
9325.0,0.1
9326.0,0.16
9327.0,1.0
9328.0,0.13
9329.0,1.0
9330.0,0.64
9331.0,1.0
9332.0,1.0
9333.0,0.18
9334.0,0.25
9335.0,0.81
9336.0,0.85
9337.0,0.26
9338.0,0.86
9339.0,1.0
9340.0,0.99
9341.0,0.19
9342.0,1.0
9343.0,1.0
9344.0,0.14
9345.0,1.0
9346.0,1.0
9347.0,1.0
9348.0,0.99
9349.0,0.82
9350.0,0.81
9351.0,0.15
9352.0,0.25
9353.0,1.0
9354.0,0.2
9355.0,0.11
9356.0,0.25
9357.0,0.71
9358.0,0.73
9359.0,0.13
9360.0,0.8
9361.0,0.16
9362.0,1.0
9363.0,0.82
9364.0,0.92
9365.0,0.22
9366.0,0.16
9367.0,0.8
9368.0,1.0
9369.0,0.19
9370.0,0.18
9371.0,0.09
9372.0,0.73
9373.0,0.98
9374.0,0.15
9375.0,1.0
9376.0,1.0
9377.0,0.03
9378.0,1.0
9379.0,0.82
9380.0,1.0
9381.0,0.21
9382.0,1.0
9383.0,0.21
9384.0,1.0
9385.0,0.17
9386.0,0.9
9387.0,0.83
9388.0,0.17
9389.0,0.84
9390.0,0.81
9391.0,0.14
9392.0,0.24
9393.0,0.16
9394.0,1.0
9395.0,0.81
9396.0,0.21
9397.0,0.87
9398.0,0.99
9399.0,0.25
9400.0,0.93
9401.0,0.89
9402.0,0.2
9403.0,0.77
9404.0,0.1
9405.0,0.24
9406.0,0.78
9407.0,0.15
9408.0,0.27
9409.0,0.76
9410.0,1.0
9411.0,0.08
9412.0,0.96
9413.0,0.92
9414.0,0.99
9415.0,0.92
9416.0,1.0
9417.0,0.17
9418.0,0.78
9419.0,1.0
9420.0,0.99
9421.0,0.99
9422.0,0.96
9423.0,1.0
9424.0,0.18
9425.0,0.91
9426.0,0.14
9427.0,0.21
9428.0,1.0
9429.0,0.17
9430.0,1.0
9431.0,1.0
9432.0,1.0
9433.0,0.08
9434.0,1.0
9435.0,0.17
9436.0,1.0
9437.0,1.0
9438.0,0.69
9439.0,0.13
9440.0,0.12
9441.0,0.2
9442.0,0.14
9443.0,0.85
9444.0,0.17
9445.0,0.91
9446.0,1.0
9447.0,0.13
9448.0,0.97
9449.0,0.21
9450.0,0.08
9451.0,1.0
9452.0,0.17
9453.0,0.83
9454.0,0.9
9455.0,0.16
9456.0,0.16
9457.0,0.16
9458.0,0.21
9459.0,0.17
9460.0,0.14
9461.0,0.89
9462.0,0.21
9463.0,0.81
9464.0,0.12
9465.0,0.17
9466.0,0.16
9467.0,1.0
9468.0,0.14
9469.0,0.25
9470.0,0.99
9471.0,0.16
9472.0,1.0
9473.0,0.21
9474.0,1.0
9475.0,0.69
9476.0,0.98
9477.0,0.98
9478.0,0.02
9479.0,0.1
9480.0,0.15
9481.0,0.9
9482.0,0.16
9483.0,1.0
9484.0,0.16
9485.0,0.18
9486.0,0.15
9487.0,1.0
9488.0,0.23
9489.0,0.74
9490.0,0.19
9491.0,0.2
9492.0,0.85
9493.0,0.82
9494.0,0.21
9495.0,1.0
9496.0,0.81
9497.0,0.8
9498.0,1.0
9499.0,0.79
9500.0,1.0
9501.0,0.18
9502.0,0.89
9503.0,0.14
9504.0,0.96
9505.0,0.75
9506.0,1.0
9507.0,1.0
9508.0,1.0
9509.0,0.69
9510.0,0.82
9511.0,0.81
9512.0,0.8
9513.0,0.95
9514.0,0.18
9515.0,0.21
9516.0,0.27
9517.0,0.75
9518.0,0.83
9519.0,0.68
9520.0,1.0
9521.0,0.98
9522.0,0.12
9523.0,0.73
9524.0,0.82
9525.0,0.75
9526.0,1.0
9527.0,0.14
9528.0,0.72
9529.0,1.0
9530.0,0.1
9531.0,0.86
9532.0,0.78
9533.0,0.23
9534.0,1.0
9535.0,0.36
9536.0,0.19
9537.0,0.81
9538.0,0.72
9539.0,0.14
9540.0,0.19
9541.0,0.19
9542.0,0.84
9543.0,1.0
9544.0,0.15
9545.0,0.69
9546.0,0.82
9547.0,0.18
9548.0,0.21
9549.0,0.99
9550.0,0.1
9551.0,1.0
9552.0,1.0
9553.0,0.17
9554.0,0.07
9555.0,1.0
9556.0,1.0
9557.0,0.08
9558.0,0.75
9559.0,0.83
9560.0,0.72
9561.0,0.06
9562.0,0.21
9563.0,1.0
9564.0,0.09
9565.0,0.71
9566.0,0.99
9567.0,0.82
9568.0,0.81
9569.0,1.0
9570.0,0.12
9571.0,0.18
9572.0,0.2
9573.0,1.0
9574.0,0.13
9575.0,0.22
9576.0,0.71
9577.0,0.96
9578.0,0.11
9579.0,0.89
9580.0,0.73
9581.0,1.0
9582.0,0.78
9583.0,0.16
9584.0,0.84
9585.0,0.89
9586.0,0.16
9587.0,0.7
9588.0,0.1
9589.0,0.2
9590.0,1.0
9591.0,0.85
9592.0,0.98
9593.0,1.0
9594.0,0.14
9595.0,1.0
9596.0,1.0
9597.0,0.78
9598.0,1.0
9599.0,1.0
9600.0,0.97
9601.0,0.15
9602.0,0.2
9603.0,0.87
9604.0,0.81
9605.0,1.0
9606.0,1.0
9607.0,0.86
9608.0,0.81
9609.0,0.11
9610.0,1.0
9611.0,1.0
9612.0,0.19
9613.0,0.71
9614.0,0.13
9615.0,0.71
9616.0,0.14
9617.0,1.0
9618.0,0.07
9619.0,1.0
9620.0,0.96
9621.0,0.92
9622.0,0.18
9623.0,1.0
9624.0,1.0
9625.0,0.19
9626.0,0.81
9627.0,0.84
9628.0,0.15
9629.0,0.18
9630.0,0.1
9631.0,0.19
9632.0,0.81
9633.0,0.15
9634.0,0.1
9635.0,1.0
9636.0,0.16
9637.0,0.07
9638.0,1.0
9639.0,1.0
9640.0,1.0
9641.0,0.26
9642.0,0.81
9643.0,0.9
9644.0,0.77
9645.0,0.15
9646.0,0.7
9647.0,0.79
9648.0,0.24
9649.0,0.88
9650.0,0.16
9651.0,1.0
9652.0,1.0
9653.0,0.19
9654.0,1.0
9655.0,0.22
9656.0,0.73
9657.0,0.9
9658.0,0.1
9659.0,0.14
9660.0,0.23
9661.0,1.0
9662.0,0.99
9663.0,1.0
9664.0,0.19
9665.0,0.11
9666.0,0.11
9667.0,1.0
9668.0,0.7
9669.0,0.8
9670.0,0.18
9671.0,1.0
9672.0,0.16
9673.0,0.17
9674.0,0.78
9675.0,0.08
9676.0,0.08
9677.0,0.17
9678.0,0.87
9679.0,1.0
9680.0,1.0
9681.0,0.1
9682.0,1.0
9683.0,0.25
9684.0,0.16
9685.0,0.83
9686.0,0.17
9687.0,0.93
9688.0,1.0
9689.0,0.16
9690.0,0.21
9691.0,0.86
9692.0,0.8
9693.0,0.07
9694.0,1.0
9695.0,0.2
9696.0,0.87
9697.0,0.72
9698.0,0.2
9699.0,0.85
9700.0,0.79
9701.0,0.16
9702.0,1.0
9703.0,0.74
9704.0,0.19
9705.0,0.86
9706.0,0.79
9707.0,0.13
9708.0,1.0
9709.0,0.77
9710.0,1.0
9711.0,1.0
9712.0,0.99
9713.0,1.0
9714.0,0.76
9715.0,0.87
9716.0,1.0
9717.0,0.16
9718.0,0.79
9719.0,1.0
9720.0,0.84
9721.0,0.79
9722.0,0.15
9723.0,1.0
9724.0,1.0
9725.0,0.86
9726.0,0.99
9727.0,0.74
9728.0,0.84
9729.0,0.72
9730.0,0.88
9731.0,0.24
9732.0,0.09
9733.0,0.15
9734.0,0.82
9735.0,0.04
9736.0,0.77
9737.0,0.15
9738.0,0.82
9739.0,1.0
9740.0,0.77
9741.0,0.7
9742.0,0.8
9743.0,0.88
9744.0,0.16
9745.0,0.69
9746.0,0.16
9747.0,0.83
9748.0,0.99
9749.0,0.14
9750.0,0.76
9751.0,0.75
9752.0,0.21
9753.0,0.14
9754.0,0.86
9755.0,0.18
9756.0,0.1
9757.0,0.83
9758.0,0.86
9759.0,0.75
9760.0,0.14
9761.0,0.2
9762.0,0.11
9763.0,0.31
9764.0,1.0
9765.0,0.76
9766.0,0.91
9767.0,0.92
9768.0,0.2
9769.0,1.0
9770.0,0.1
9771.0,0.18
9772.0,0.96
9773.0,0.99
9774.0,0.12
9775.0,1.0
9776.0,0.94
9777.0,0.19
9778.0,0.78
9779.0,0.17
9780.0,0.26
9781.0,1.0
9782.0,1.0
9783.0,0.8
9784.0,0.8
9785.0,0.09
9786.0,0.79
9787.0,0.1
9788.0,0.16
9789.0,1.0
9790.0,0.93
9791.0,0.73
9792.0,0.72
9793.0,0.21
9794.0,0.77
9795.0,0.14
9796.0,1.0
9797.0,0.76
9798.0,0.11
9799.0,1.0
9800.0,0.18
9801.0,0.06
9802.0,1.0
9803.0,0.71
9804.0,0.14
9805.0,1.0
9806.0,1.0
9807.0,0.14
9808.0,0.9
9809.0,0.19
9810.0,1.0
9811.0,0.79
9812.0,0.79
9813.0,0.1
9814.0,0.22
9815.0,1.0
9816.0,0.12
9817.0,0.16
9818.0,0.82
9819.0,0.99
9820.0,1.0
9821.0,1.0
9822.0,0.08
9823.0,0.22
9824.0,0.14
9825.0,0.11
9826.0,0.7
9827.0,0.19
9828.0,1.0
9829.0,0.19
9830.0,0.24
9831.0,0.18
9832.0,0.09
9833.0,1.0
9834.0,0.06
9835.0,0.73
9836.0,1.0
9837.0,0.87
9838.0,0.78
9839.0,0.67
9840.0,1.0
9841.0,0.11
9842.0,0.23
9843.0,1.0
9844.0,1.0
9845.0,0.82
9846.0,0.1
9847.0,0.13
9848.0,0.11
9849.0,0.99
9850.0,1.0
9851.0,0.12
9852.0,0.26
9853.0,0.22
9854.0,0.99
9855.0,0.93
9856.0,0.71
9857.0,0.2
9858.0,0.28
9859.0,0.65
9860.0,1.0
9861.0,0.8
9862.0,0.23
9863.0,0.99
9864.0,1.0
9865.0,0.17
9866.0,0.16
9867.0,0.11
9868.0,1.0
9869.0,0.72
9870.0,0.19
9871.0,1.0
9872.0,0.7
9873.0,0.99
9874.0,1.0
9875.0,1.0
9876.0,1.0
9877.0,0.8
9878.0,0.98
9879.0,1.0
9880.0,0.22
9881.0,0.76
9882.0,0.99
9883.0,0.12
9884.0,0.23
9885.0,1.0
9886.0,0.19
9887.0,0.8
9888.0,0.13
9889.0,0.33
9890.0,0.13
9891.0,0.78
9892.0,0.94
9893.0,1.0
9894.0,0.22
9895.0,0.14
9896.0,0.86
9897.0,0.22
9898.0,0.1
9899.0,0.22
9900.0,0.12
9901.0,0.79
9902.0,0.83
9903.0,1.0
9904.0,0.97
9905.0,0.05
9906.0,1.0
9907.0,0.26
9908.0,1.0
9909.0,0.12
9910.0,0.98
9911.0,0.77
9912.0,0.82
9913.0,0.26
9914.0,0.82
9915.0,0.83
9916.0,0.82
9917.0,0.15
9918.0,0.23
9919.0,1.0
9920.0,0.78
9921.0,1.0
9922.0,0.09
9923.0,0.13
9924.0,0.17
9925.0,0.82
9926.0,0.16
9927.0,0.76
9928.0,0.15
9929.0,0.81
9930.0,0.18
9931.0,0.17
9932.0,1.0
9933.0,1.0
9934.0,0.22
9935.0,0.11
9936.0,0.09
9937.0,0.96
9938.0,0.26
9939.0,0.86
9940.0,1.0
9941.0,0.84
9942.0,0.17
9943.0,0.22
9944.0,0.13
9945.0,0.79
9946.0,0.92
9947.0,0.15
9948.0,0.16
9949.0,0.71
9950.0,0.23
9951.0,0.98
9952.0,0.86
9953.0,0.15
9954.0,0.14
9955.0,0.15
9956.0,1.0
9957.0,0.25
9958.0,0.86
9959.0,0.93
9960.0,0.12
9961.0,0.75
9962.0,0.1
9963.0,0.8
9964.0,0.99
9965.0,0.16
9966.0,1.0
9967.0,0.77
9968.0,0.08
9969.0,1.0
9970.0,0.85
9971.0,0.11
9972.0,0.77
9973.0,0.82
9974.0,0.05
9975.0,1.0
9976.0,1.0
9977.0,0.11
9978.0,0.69
9979.0,0.23
9980.0,0.79
9981.0,0.83
9982.0,1.0
9983.0,0.16
9984.0,1.0
9985.0,0.26
9986.0,0.85
9987.0,1.0
9988.0,1.0
9989.0,0.22
9990.0,0.78
9991.0,0.28
9992.0,0.79
9993.0,1.0
9994.0,0.19
9995.0,0.21
9996.0,0.83
9997.0,0.96
9998.0,0.13
9999.0,0.77
10000.0,0.89
10001.0,0.22
10002.0,0.22
10003.0,0.2
10004.0,0.18
10005.0,0.72
10006.0,0.12
10007.0,1.0
10008.0,0.09
10009.0,0.7
10010.0,0.9
10011.0,0.1
10012.0,0.81
10013.0,0.89
10014.0,1.0
10015.0,0.72
10016.0,0.99
10017.0,0.15
10018.0,0.23
10019.0,0.82
10020.0,0.13
10021.0,0.15
10022.0,0.22
10023.0,0.82
10024.0,1.0
10025.0,0.79
10026.0,0.83
10027.0,1.0
10028.0,0.23
10029.0,0.19
10030.0,0.8
10031.0,0.96
10032.0,0.71
10033.0,0.76
10034.0,0.23
10035.0,0.86
10036.0,0.19
10037.0,0.97
10038.0,0.8
10039.0,0.19
10040.0,0.1
10041.0,0.8
10042.0,0.12
10043.0,0.74
10044.0,0.83
10045.0,0.76
10046.0,0.11
10047.0,1.0
10048.0,0.81
10049.0,0.8
10050.0,0.09
10051.0,0.08
10052.0,0.99
10053.0,0.12
10054.0,0.22
10055.0,1.0
10056.0,0.19
10057.0,0.16
10058.0,1.0
10059.0,0.18
10060.0,1.0
10061.0,0.06
10062.0,0.88
10063.0,0.21
10064.0,0.74
10065.0,0.15
10066.0,0.82
10067.0,0.83
10068.0,0.21
10069.0,1.0
10070.0,1.0
10071.0,0.85
10072.0,0.23
10073.0,1.0
10074.0,0.83
10075.0,0.23
10076.0,0.88
10077.0,0.2
10078.0,0.85
10079.0,1.0
10080.0,1.0
10081.0,0.85
10082.0,0.8
10083.0,1.0
10084.0,0.21
10085.0,0.17
10086.0,0.13
10087.0,0.24
10088.0,0.23
10089.0,0.83
10090.0,0.18
10091.0,1.0
10092.0,0.99
10093.0,0.72
10094.0,0.16
10095.0,0.24
10096.0,0.16
10097.0,0.82
10098.0,1.0
10099.0,0.98
10100.0,1.0
10101.0,0.87
10102.0,0.99
10103.0,0.18
10104.0,1.0
10105.0,1.0
10106.0,0.83
10107.0,1.0
10108.0,0.94
10109.0,1.0
10110.0,0.21
10111.0,0.79
10112.0,1.0
10113.0,0.81
10114.0,0.83
10115.0,0.8
10116.0,0.21
10117.0,0.26
10118.0,0.1
10119.0,0.13
10120.0,0.16
10121.0,0.14
10122.0,1.0
10123.0,0.88
10124.0,0.14
10125.0,0.79
10126.0,0.99
10127.0,0.15
10128.0,0.12
10129.0,0.77
10130.0,0.93
10131.0,0.64
10132.0,0.87
10133.0,1.0
10134.0,0.76
10135.0,0.82
10136.0,0.06
10137.0,0.27
10138.0,0.15
10139.0,1.0
10140.0,0.19
10141.0,0.13
10142.0,0.73
10143.0,0.19
10144.0,1.0
10145.0,0.14
10146.0,0.81
10147.0,0.14
10148.0,1.0
10149.0,0.16
10150.0,0.77
10151.0,1.0
10152.0,1.0
10153.0,0.81
10154.0,0.18
10155.0,1.0
10156.0,0.97
10157.0,0.84
10158.0,1.0
10159.0,0.05
10160.0,0.16
10161.0,0.8
10162.0,0.95
10163.0,0.88
10164.0,1.0
10165.0,0.09
10166.0,1.0
10167.0,0.18
10168.0,0.78
10169.0,0.19
10170.0,0.29
10171.0,0.14
10172.0,0.81
10173.0,0.7
10174.0,0.15
10175.0,0.17
10176.0,0.76
10177.0,0.16
10178.0,0.25
10179.0,0.12
10180.0,1.0
10181.0,0.22
10182.0,1.0
10183.0,1.0
10184.0,0.73
10185.0,1.0
10186.0,0.76
10187.0,1.0
10188.0,0.15
10189.0,0.2
10190.0,0.83
10191.0,0.11
10192.0,0.79
10193.0,0.31
10194.0,0.07
10195.0,1.0
10196.0,0.96
10197.0,0.17
10198.0,0.73
10199.0,0.09
10200.0,0.86
10201.0,1.0
10202.0,0.2
10203.0,0.07
10204.0,0.74
10205.0,0.23
10206.0,0.08
10207.0,0.74
10208.0,0.81
10209.0,1.0
10210.0,0.18
10211.0,0.2
10212.0,1.0
10213.0,0.83
10214.0,0.21
10215.0,0.81
10216.0,0.73
10217.0,1.0
10218.0,0.79
10219.0,0.13
10220.0,0.83
10221.0,0.71
10222.0,1.0
10223.0,0.83
10224.0,0.95
10225.0,0.75
10226.0,0.99
10227.0,0.79
10228.0,0.96
10229.0,1.0
10230.0,0.97
10231.0,0.26
10232.0,0.94
10233.0,1.0
10234.0,1.0
10235.0,0.26
10236.0,1.0
10237.0,1.0
10238.0,1.0
10239.0,1.0
10240.0,0.71
10241.0,0.27
10242.0,0.86
10243.0,0.81
10244.0,0.8
10245.0,0.77
10246.0,0.13
10247.0,1.0
10248.0,0.83
10249.0,1.0
10250.0,0.72
10251.0,0.12
10252.0,0.71
10253.0,0.78
10254.0,1.0
10255.0,0.18
10256.0,0.13
10257.0,0.25
10258.0,0.9
10259.0,0.22
10260.0,0.18
10261.0,1.0
10262.0,0.86
10263.0,0.75
10264.0,0.91
10265.0,1.0
10266.0,0.18
10267.0,0.74
10268.0,0.79
10269.0,1.0
10270.0,0.8
10271.0,0.21
10272.0,0.23
10273.0,0.79
10274.0,0.74
10275.0,0.77
10276.0,0.85
10277.0,0.99
10278.0,0.19
10279.0,0.19
10280.0,0.17
10281.0,0.8
10282.0,0.82
10283.0,0.16
10284.0,1.0
10285.0,0.82
10286.0,0.17
10287.0,0.27
10288.0,1.0
10289.0,0.15
10290.0,0.83
10291.0,0.89
10292.0,0.12
10293.0,0.81
10294.0,0.2
10295.0,0.85
10296.0,0.13
10297.0,0.98
10298.0,0.98
10299.0,0.14
10300.0,0.17
10301.0,0.85
10302.0,1.0
10303.0,1.0
10304.0,0.16
10305.0,0.73
10306.0,0.13
10307.0,0.83
10308.0,0.15
10309.0,1.0
10310.0,0.18
10311.0,0.99
10312.0,1.0
10313.0,0.2
10314.0,0.23
10315.0,0.86
10316.0,0.15
10317.0,0.18
10318.0,0.12
10319.0,0.92
10320.0,1.0
10321.0,0.12
10322.0,0.89
10323.0,0.75
10324.0,0.13
10325.0,0.13
10326.0,0.17
10327.0,0.84
10328.0,0.82
10329.0,0.19
10330.0,0.11
10331.0,0.75
10332.0,0.09
10333.0,1.0
10334.0,0.23
10335.0,0.11
10336.0,1.0
10337.0,0.86
10338.0,0.1
10339.0,0.21
10340.0,0.85
10341.0,0.8
10342.0,0.14
10343.0,0.18
10344.0,1.0
10345.0,0.17
10346.0,0.77
10347.0,0.81
10348.0,0.19
10349.0,0.15
10350.0,1.0
10351.0,0.17
10352.0,0.76
10353.0,1.0
10354.0,0.17
10355.0,0.74
10356.0,0.94
10357.0,1.0
10358.0,0.79
10359.0,0.78
10360.0,0.84
10361.0,0.77
10362.0,0.87
10363.0,1.0
10364.0,0.13
10365.0,0.18
10366.0,0.12
10367.0,1.0
10368.0,0.8
10369.0,0.18
10370.0,0.91
10371.0,0.78
10372.0,0.27
10373.0,0.13
10374.0,0.15
10375.0,0.76
10376.0,1.0
10377.0,0.82
10378.0,0.83
10379.0,1.0
10380.0,0.86
10381.0,0.05
10382.0,0.24
10383.0,1.0
10384.0,0.19
10385.0,0.78
10386.0,0.81
10387.0,1.0
10388.0,0.13
10389.0,0.86
10390.0,0.12
10391.0,0.16
10392.0,0.83
10393.0,0.26
10394.0,1.0
10395.0,0.1
10396.0,0.94
10397.0,1.0
10398.0,0.81
10399.0,0.23
10400.0,0.14
10401.0,0.96
10402.0,0.17
10403.0,0.18
10404.0,0.2
10405.0,0.79
10406.0,1.0
10407.0,0.15
10408.0,0.24
10409.0,0.88
10410.0,1.0
10411.0,0.81
10412.0,0.37
10413.0,0.22
10414.0,0.1
10415.0,0.19
10416.0,0.3
10417.0,0.77
10418.0,0.79
10419.0,1.0
10420.0,1.0
10421.0,1.0
10422.0,0.19
10423.0,0.18
10424.0,1.0
10425.0,0.85
10426.0,0.97
10427.0,0.24
10428.0,0.77
10429.0,1.0
10430.0,0.95
10431.0,0.17
10432.0,0.23
10433.0,0.8
10434.0,1.0
10435.0,1.0
10436.0,0.88
10437.0,0.12
10438.0,0.11
10439.0,0.21
10440.0,0.98
10441.0,0.18
10442.0,0.72
10443.0,0.19
10444.0,0.18
10445.0,1.0
10446.0,0.82
10447.0,0.13
10448.0,0.21
10449.0,0.08
10450.0,0.71
10451.0,0.99
10452.0,0.15
10453.0,1.0
10454.0,0.16
10455.0,1.0
10456.0,1.0
10457.0,0.73
10458.0,0.79
10459.0,0.1
10460.0,0.09
10461.0,0.21
10462.0,0.9
10463.0,0.82
10464.0,0.26
10465.0,0.83
10466.0,0.96
10467.0,0.76
10468.0,0.81
10469.0,1.0
10470.0,0.3
10471.0,0.69
10472.0,0.15
10473.0,1.0
10474.0,0.83
10475.0,0.99
10476.0,0.78
10477.0,1.0
10478.0,1.0
10479.0,0.77
10480.0,0.92
10481.0,0.22
10482.0,0.16
10483.0,1.0
10484.0,1.0
10485.0,1.0
10486.0,0.12
10487.0,1.0
10488.0,0.14
10489.0,0.75
10490.0,0.19
10491.0,0.97
10492.0,1.0
10493.0,0.21
10494.0,0.16
10495.0,0.1
10496.0,1.0
10497.0,0.75
10498.0,0.13
10499.0,0.19
10500.0,0.82
10501.0,0.18
10502.0,0.09
10503.0,0.86
10504.0,0.98
10505.0,0.82
10506.0,0.88
10507.0,0.93
10508.0,0.8
10509.0,0.73
10510.0,1.0
10511.0,0.8
10512.0,0.21
10513.0,0.77
10514.0,0.16
10515.0,0.21
10516.0,0.92
10517.0,0.81
10518.0,0.94
10519.0,1.0
10520.0,0.12
10521.0,0.19
10522.0,0.2
10523.0,0.25
10524.0,0.7
10525.0,1.0
10526.0,1.0
10527.0,0.99
10528.0,0.1
10529.0,1.0
10530.0,0.26
10531.0,0.95
10532.0,0.04
10533.0,1.0
10534.0,0.73
10535.0,0.76
10536.0,0.68
10537.0,0.85
10538.0,0.78
10539.0,0.77
10540.0,0.13
10541.0,0.85
10542.0,0.21
10543.0,0.68
10544.0,1.0
10545.0,1.0
10546.0,0.78
10547.0,1.0
10548.0,1.0
10549.0,0.98
10550.0,1.0
10551.0,0.91
10552.0,0.21
10553.0,0.21
10554.0,0.66
10555.0,0.19
10556.0,0.87
10557.0,0.14
10558.0,0.19
10559.0,0.88
10560.0,0.2
10561.0,0.11
10562.0,0.86
10563.0,0.73
10564.0,0.06
10565.0,0.79
10566.0,0.99
10567.0,0.82
10568.0,1.0
10569.0,0.99
10570.0,0.82
10571.0,0.74
10572.0,1.0
10573.0,0.7
10574.0,0.09
10575.0,0.8
10576.0,0.91
10577.0,0.76
10578.0,0.78
10579.0,1.0
10580.0,0.99
10581.0,0.09
10582.0,1.0
10583.0,0.67
10584.0,0.1
10585.0,1.0
10586.0,0.15
10587.0,0.17
10588.0,1.0
10589.0,0.88
10590.0,0.16
10591.0,0.81
10592.0,0.76
10593.0,0.06
10594.0,0.83
10595.0,0.15
10596.0,0.15
10597.0,0.87
10598.0,0.76
10599.0,0.2
10600.0,0.94
10601.0,1.0
10602.0,0.95
10603.0,0.1
10604.0,0.79
10605.0,0.86
10606.0,0.13
10607.0,1.0
10608.0,0.15
10609.0,0.93
10610.0,0.23
10611.0,0.75
10612.0,1.0
10613.0,0.17
10614.0,0.23
10615.0,0.14
10616.0,0.99
10617.0,1.0
10618.0,0.84
10619.0,0.06
10620.0,1.0
10621.0,1.0
10622.0,0.89
10623.0,0.84
10624.0,0.77
10625.0,0.75
10626.0,1.0
10627.0,0.21
10628.0,1.0
10629.0,0.83
10630.0,1.0
10631.0,0.18
10632.0,0.77
10633.0,0.12
10634.0,0.16
10635.0,1.0
10636.0,1.0
10637.0,0.23
10638.0,0.94
10639.0,0.23
10640.0,0.27
10641.0,0.21
10642.0,0.99
10643.0,1.0
10644.0,0.18
10645.0,0.76
10646.0,0.85
10647.0,0.85
10648.0,0.21
10649.0,0.78
10650.0,0.32
10651.0,0.75
10652.0,0.78
10653.0,0.86
10654.0,1.0
10655.0,0.13
10656.0,0.21
10657.0,0.09
10658.0,0.85
10659.0,0.19
10660.0,0.16
10661.0,0.78
10662.0,0.8
10663.0,1.0
10664.0,0.8
10665.0,0.99
10666.0,0.13
10667.0,1.0
10668.0,0.24
10669.0,1.0
10670.0,1.0
10671.0,0.25
10672.0,0.19
10673.0,0.18
10674.0,0.8
10675.0,1.0
10676.0,0.8
10677.0,0.14
10678.0,0.84
10679.0,0.93
10680.0,0.74
10681.0,0.87
10682.0,1.0
10683.0,0.82
10684.0,0.68
10685.0,0.8
10686.0,0.29
10687.0,0.75
10688.0,1.0
10689.0,0.76
10690.0,0.76
10691.0,0.82
10692.0,0.82
10693.0,0.77
10694.0,0.15
10695.0,1.0
10696.0,1.0
10697.0,0.89
10698.0,0.98
10699.0,0.77
10700.0,0.22
10701.0,0.17
10702.0,0.82
10703.0,0.84
10704.0,1.0
10705.0,0.17
10706.0,0.14
10707.0,0.14
10708.0,0.21
10709.0,0.16
10710.0,0.82
10711.0,0.78
10712.0,0.87
10713.0,0.81
10714.0,0.23
10715.0,0.15
10716.0,0.22
10717.0,0.14
10718.0,0.15
10719.0,0.2
10720.0,0.29
10721.0,0.82
10722.0,0.19
10723.0,1.0
10724.0,0.12
10725.0,0.17
10726.0,0.78
10727.0,0.12
10728.0,0.8
10729.0,0.17
10730.0,0.77
10731.0,1.0
10732.0,0.21
10733.0,0.82
10734.0,0.7
10735.0,0.15
10736.0,0.73
10737.0,0.79
10738.0,0.87
10739.0,1.0
10740.0,0.77
10741.0,1.0
10742.0,1.0
10743.0,0.75
10744.0,0.23
10745.0,0.98
10746.0,0.1
10747.0,0.84
10748.0,0.84
10749.0,0.23
10750.0,0.19
10751.0,0.18
10752.0,1.0
10753.0,0.98
10754.0,0.14
10755.0,0.76
10756.0,0.25
10757.0,1.0
10758.0,0.24
10759.0,0.08
10760.0,1.0
10761.0,1.0
10762.0,0.85
10763.0,0.22
10764.0,0.96
10765.0,0.73
10766.0,0.15
10767.0,1.0
10768.0,0.11
10769.0,0.09
10770.0,0.12
10771.0,0.86
10772.0,0.11
10773.0,0.76
10774.0,0.16
10775.0,0.81
10776.0,1.0
10777.0,0.81
10778.0,0.19
10779.0,1.0
10780.0,1.0
10781.0,1.0
10782.0,1.0
10783.0,0.21
10784.0,0.77
10785.0,0.14
10786.0,0.8
10787.0,1.0
10788.0,0.78
10789.0,0.19
10790.0,0.86
10791.0,0.87
10792.0,1.0
10793.0,0.75
10794.0,0.22
10795.0,0.72
10796.0,0.21
10797.0,1.0
10798.0,1.0
10799.0,0.76
10800.0,1.0
10801.0,0.22
10802.0,0.15
10803.0,0.14
10804.0,0.23
10805.0,0.74
10806.0,0.16
10807.0,0.99
10808.0,1.0
10809.0,0.9
10810.0,0.16
10811.0,0.94
10812.0,0.11
10813.0,1.0
10814.0,1.0
10815.0,1.0
10816.0,0.27
10817.0,0.14
10818.0,0.14
10819.0,0.23
10820.0,0.98
10821.0,0.79
10822.0,0.79
10823.0,0.99
10824.0,1.0
10825.0,0.76
10826.0,1.0
10827.0,1.0
10828.0,1.0
10829.0,0.93
10830.0,1.0
10831.0,0.19
10832.0,1.0
10833.0,0.72
10834.0,0.81
10835.0,0.12
10836.0,0.16
10837.0,0.77
10838.0,0.68
10839.0,0.84
10840.0,0.83
10841.0,0.2
10842.0,1.0
10843.0,0.16
10844.0,0.12
10845.0,0.2
10846.0,0.1
10847.0,0.99
10848.0,0.78
10849.0,0.18
10850.0,0.13
10851.0,0.85
10852.0,0.8
10853.0,0.19
10854.0,0.73
10855.0,1.0
10856.0,0.99
10857.0,0.78
10858.0,0.16
10859.0,1.0
10860.0,0.87
10861.0,1.0
10862.0,1.0
10863.0,0.19
10864.0,0.15
10865.0,1.0
10866.0,0.12
10867.0,0.11
10868.0,0.85
10869.0,0.09
10870.0,0.83
10871.0,0.99
10872.0,0.81
10873.0,1.0
10874.0,0.09
10875.0,0.8
10876.0,0.84
10877.0,1.0
10878.0,0.82
10879.0,0.67
10880.0,0.34
10881.0,1.0
10882.0,0.8
10883.0,1.0
10884.0,0.74
10885.0,0.15
10886.0,0.07
10887.0,0.17
10888.0,0.98
10889.0,1.0
10890.0,0.74
10891.0,0.78
10892.0,0.09
10893.0,1.0
10894.0,1.0
10895.0,0.26
10896.0,0.21
10897.0,0.1
10898.0,0.08
10899.0,0.18
10900.0,0.12
10901.0,0.13
10902.0,0.08
10903.0,1.0
10904.0,1.0
10905.0,1.0
10906.0,0.25
10907.0,0.87
10908.0,1.0
10909.0,1.0
10910.0,0.98
10911.0,0.95
10912.0,1.0
10913.0,1.0
10914.0,0.19
10915.0,0.23
10916.0,1.0
10917.0,0.13
10918.0,0.14
10919.0,1.0
10920.0,0.2
10921.0,0.13
10922.0,0.12
10923.0,1.0
10924.0,0.85
10925.0,0.16
10926.0,1.0
10927.0,0.12
10928.0,1.0
10929.0,0.11
10930.0,0.14
10931.0,1.0
10932.0,0.09
10933.0,0.75
10934.0,0.07
10935.0,1.0
10936.0,0.04
10937.0,0.78
10938.0,1.0
10939.0,0.78
10940.0,0.79
10941.0,0.07
10942.0,0.76
10943.0,0.15
10944.0,0.23
10945.0,0.82
10946.0,0.11
10947.0,1.0
10948.0,0.99
10949.0,0.19
10950.0,0.78
10951.0,0.17
10952.0,0.11
10953.0,1.0
10954.0,0.82
10955.0,0.2
10956.0,0.77
10957.0,0.22
10958.0,1.0
10959.0,0.09
10960.0,0.99
10961.0,0.76
10962.0,1.0
10963.0,0.68
10964.0,0.84
10965.0,0.13
10966.0,0.77
10967.0,0.78
10968.0,0.18
10969.0,0.07
10970.0,0.13
10971.0,0.26
10972.0,0.7
10973.0,0.14
10974.0,0.8
10975.0,1.0
10976.0,0.72
10977.0,0.86
10978.0,0.98
10979.0,0.1
10980.0,0.98
10981.0,0.14
10982.0,0.21
10983.0,1.0
10984.0,0.16
10985.0,0.99
10986.0,0.91
10987.0,0.2
10988.0,1.0
10989.0,1.0
10990.0,0.98
10991.0,0.26
10992.0,0.87
10993.0,0.79
10994.0,0.76
10995.0,0.22
10996.0,1.0
10997.0,0.16
10998.0,1.0
10999.0,0.2
,1.0
,0.78
,0.22
,0.17
,1.0
,0.17
,1.0
,0.09
,0.25
,0.78
,0.97
,0.72
,0.16
,0.79
,0.08
,0.12
,1.0
,0.12
,0.84
,1.0
,0.93
,1.0
,0.87
,1.0
,1.0
,0.85
,1.0
,0.32
,0.72
,0.71
,0.7
,0.18
,1.0
,0.99
,1.0
,0.13
,0.8
,0.77
,0.16
,0.96
,0.2
,0.72
,1.0
,0.81
,0.8
,0.88
,0.91
,1.0
,1.0
,1.0
,0.23
,0.15
,0.82
,1.0
,0.05
,0.2
,0.83
,0.77
,0.72
,1.0
,0.21
,0.2
,0.11
,0.99
,0.91
,0.81
,0.22
,1.0
,0.12
,1.0
,0.72
,0.78
,0.87
,0.24
,0.71
,0.1
,0.99
,0.8
,0.12
,0.18
,0.73
,1.0
,0.19
,0.81
,0.95
,0.15
,0.22
,0.24
,0.75
,0.82
,1.0
,1.0
,0.76
,0.12
,0.78
,0.77
,0.99
,0.12
,0.72
,0.74
,0.23
,0.99
,0.98
,0.78
,0.18
,0.17
,0.19
,0.71
,0.73
,0.16
,1.0
,0.18
,0.99
,0.99
,0.08
,1.0
,0.09
,1.0
,0.75
,0.2
,1.0
,0.83
,1.0
,0.77
,0.21
,0.7
,0.14
,0.91
,1.0
,1.0
,0.2
,0.72
,0.8
,0.81
,0.09
,1.0
,0.16
,0.21
,0.22
,0.84
,0.76
,1.0
,1.0
,0.78
,0.13
,0.81
,1.0
,0.13
,0.14
,0.74
,0.87
,0.96
,0.09
,0.99
,1.0
,0.81
,0.09
,1.0
,1.0
,0.13
,0.99
,0.77
,0.77
,0.14
,0.21
,1.0
,0.16
,0.8
,0.2
,0.95
,1.0
,0.15
,1.0
,0.19
,0.24
,0.23
,0.99
,0.21
,1.0
,0.14
,1.0
,0.84
,1.0
,1.0
,1.0
,0.17
,0.21
,1.0
,1.0
,0.99
,1.0
,0.25
,0.98
,0.83
,0.76
,0.8
,0.13
,1.0
,1.0
,1.0
,0.99
,0.93
,0.18
,0.86
,0.9
,0.05
,0.78
,1.0
,0.75
,1.0
,0.16
,0.84
,0.09
,0.73
,0.17
,1.0
,0.99
,0.15
,0.16
,0.77
,0.83
,0.17
,0.1
,0.17
,0.16
,0.25
,0.27
,0.83
,0.98
,0.12
,0.12
,0.75
,0.1
,1.0
,0.74
,0.13
,0.84
,0.07
,0.86
,0.11
,0.87
,0.17
,0.21
,0.79
,0.6
,0.97
,0.2
,0.2
,0.12
,0.23
,0.8
,0.81
,1.0
,0.99
,0.82
,0.16
,1.0
,0.15
,0.14
,0.12
,0.99
,0.12
,0.05
,1.0
,0.12
,1.0
,0.71
,0.1
,0.2
,0.19
,0.13
,0.89
,0.79
,0.15
,1.0
,1.0
,0.18
,1.0
,0.12
,0.2
,0.96
,1.0
,1.0
,0.99
,0.2
,0.15
,0.18
,0.12
,1.0
,0.98
,0.18
,0.96
,0.83
,0.22
,0.91
,1.0
,0.1
,1.0
,0.07
,0.13
,0.93
,0.84
,0.97
,1.0
,0.91
,0.24
,0.69
,0.94
,0.15
,0.63
,0.14
,0.98
,1.0
,0.81
,0.12
,1.0
,0.18
,0.88
,1.0
,0.25
,0.68
,0.15
,0.76
,0.69
,0.81
,0.11
,1.0
,0.19
,0.83
,0.11
,1.0
,0.7
,0.15
,0.15
,1.0
,0.11
,0.19
,0.99
,1.0
,1.0
,0.14
,0.09
,0.75
,1.0
,0.21
,1.0
,0.11
,0.17
,0.14
,0.9
,0.14
,0.16
,0.13
,0.18
,0.2
,0.85
,0.79
,1.0
,1.0
,0.77
,0.14
,1.0
,0.84
,0.31
,1.0
,0.78
,0.08
,0.11
,0.99
,0.78
,1.0
,1.0
,0.73
,0.28
,0.99
,0.13
,1.0
,0.78
,0.88
,0.25
,1.0
,0.75
,1.0
,0.16
,0.08
,0.74
,1.0
,0.23
,1.0
,1.0
,0.75
,0.12
,0.15
,0.76
,0.99
,0.98
,0.19
,0.07
,0.87
,0.15
,0.81
,0.79
,0.18
,1.0
,1.0
,0.07
,1.0
,1.0
,1.0
,0.99
,0.15
,0.98
,0.09
,0.83
,0.23
,0.8
,0.17
,0.22
,0.15
,0.79
,0.84
,0.97
,0.12
,1.0
,0.16
,0.99
,0.77
,0.79
,0.99
,1.0
,1.0
,0.78
,1.0
,0.13
,0.83
,0.23
,0.11
,0.14
,0.22
,0.9
,0.75
,0.25
,0.89
,1.0
,0.19
,0.95
,0.87
,1.0
,0.78
,0.21
,0.2
,0.82
,0.99
,0.84
,0.9
,0.06
,0.73
,0.14
,0.3
,0.87
,0.88
,0.77
,0.62
,0.75
,1.0
,0.82
,0.08
,0.18
,0.19
,0.87
,0.8
,0.89
,0.73
,0.86
,0.22
,0.13
,0.98
,0.15
,0.8
,1.0
,0.26
,0.2
,0.15
,0.99
,0.17
,0.11
,1.0
,0.7
,0.85
,0.77
,1.0
,0.75
,0.8
,0.13
,0.12
,1.0
,1.0
,0.99
,0.97
,0.92
,0.23
,0.67
,0.14
,1.0
,0.76
,0.24
,0.78
,0.27
,0.15
,0.83
,1.0
,0.21
,0.17
,0.14
,1.0
,0.86
,1.0
,0.16
,1.0
,0.21
,0.23
,0.71
,0.79
,0.93
,0.13
,0.22
,0.99
,0.24
,0.25
,1.0
,0.82
,0.11
,0.19
,0.1
,1.0
,1.0
,0.17
,0.88
,1.0
,0.18
,0.27
,0.8
,0.82
,0.85
,0.79
,0.18
,0.98
,0.22
,1.0
,0.77
,0.94
,0.99
,0.74
,0.21
,0.15
,0.82
,0.1
,0.93
,0.98
,0.8
,0.8
,0.13
,0.12
,1.0
,1.0
,1.0
,0.83
,0.95
,0.14
,0.24
,0.82
,1.0
,0.16
,1.0
,0.82
,1.0
,0.19
,0.18
,0.76
,0.97
,0.73
,0.2
,0.25
,0.16
,0.17
,0.14
,1.0
,0.07
,1.0
,0.16
,0.78
,0.2
,0.83
,0.77
,0.16
,0.22
,1.0
,0.9
,0.21
,0.82
,0.11
,0.79
,1.0
,0.15
,0.18
,0.8
,0.11
,0.11
,0.78
,0.14
,0.75
,0.06
,0.14
,0.72
,0.08
,0.72
,0.88
,0.15
,0.76
,1.0
,1.0
,1.0
,0.22
,0.8
,0.14
,1.0
,0.13
,0.16
,0.16
,0.23
,0.11
,0.12
,1.0
,1.0
,0.17
,0.87
,0.72
,0.81
,0.74
,0.82
,0.83
,0.1
,1.0
,1.0
,1.0
,0.65
,0.79
,0.82
,0.28
,0.76
,0.26
,0.09
,1.0
,0.09
,0.8
,0.13
,1.0
,0.1
,0.21
,0.19
,0.09
,0.79
,0.07
,0.19
,0.25
,1.0
,1.0
,0.82
,0.73
,0.77
,1.0
,0.13
,0.15
,0.18
,0.77
,0.82
,0.12
,1.0
,0.18
,1.0
,0.19
,0.84
,0.23
,0.18
,0.75
,0.76
,0.83
,0.13
,0.66
,0.8
,1.0
,0.16
,0.19
,0.92
,0.18
,0.74
,0.75
,0.74
,0.82
,0.72
,0.23
,0.25
,0.85
,0.87
,0.82
,1.0
,0.78
,0.14
,0.73
,0.78
,0.99
,0.77
,1.0
,1.0
,1.0
,0.26
,0.8
,1.0
,0.99
,1.0
,0.13
,1.0
,1.0
,1.0
,0.18
,0.79
,1.0
,1.0
,0.73
,0.03
,0.99
,0.3
,0.73
,0.94
,0.73
,1.0
,0.18
,0.13
,0.98
,0.07
,0.17
,1.0
,0.24
,0.15
,1.0
,0.87
,0.14
,1.0
,1.0
,0.1
,0.84
,0.07
,0.98
,0.92
,0.9
,0.88
,0.13
,0.76
,0.11
,1.0
,0.77
,0.14
,0.13
,0.26
,0.16
,0.86
,1.0
,0.12
,0.15
,0.84
,0.72
,0.87
,1.0
,0.8
,0.13
,0.66
,0.21
,0.77
,1.0
,0.2
,0.14
,0.79
,0.17
,1.0
,0.22
,0.2
,0.83
,0.74
,0.12
,0.87
,1.0
,1.0
,0.08
,0.21
,0.14
,0.16
,1.0
,1.0
,0.97
,1.0
,0.83
,0.79
,1.0
,0.79
,0.2
,0.85
,0.08
,1.0
,0.1
,0.1
,0.14
,0.2
,1.0
,0.18
,0.13
,1.0
,0.98
,0.83
,0.74
,0.77
,1.0
,0.13
,0.78
,1.0
,0.83
,0.99
,0.81
,0.19
,1.0
,0.15
,1.0
,1.0
,0.75
,0.84
,0.79
,0.19
,0.71
,0.91
,0.15
,0.74
,0.14
,0.15
,0.22
,1.0
,0.79
,1.0
,0.91
,0.99
,0.19
,0.21
,1.0
,0.74
,0.78
,0.78
,0.76
,0.18
,0.13
,0.22
,0.17
,0.8
,0.16
,1.0
,1.0
,0.89
,1.0
,1.0
,0.15
,0.99
,0.15
,0.2
,1.0
,0.09
,0.73
,0.2
,0.87
,1.0
,0.16
,0.24
,0.25
,0.21
,0.83
,0.87
,1.0
,0.91
,0.13
,1.0
,0.17
,0.19
,0.98
,0.83
,0.71
,1.0
,0.8
,0.75
,0.17
,0.17
,0.08
,0.84
,0.28
,0.3
,0.9
,1.0
,1.0
,1.0
,0.95
,0.97
,0.07
,0.19
,0.89
,1.0
,0.78
,0.17
,0.9
,0.93
,0.94
,0.11
,0.11
,1.0
,0.79
,1.0
,0.92
,0.26
,0.82
,0.96
,0.8
,0.13
,0.81
,1.0
,0.89
,0.17
,0.19
,0.17
,0.18
,0.13
,0.07
,0.09
,0.32
,0.75
,0.16
,0.84
,0.79
,0.2
,0.17
,0.09
,0.85
,0.99
,0.8
,0.75
,1.0
,0.17
,0.99
,0.14
,1.0
,0.2
,1.0
,1.0
,0.99
,0.72
,0.25
,0.88
,0.28
,0.82
,0.76
,1.0
,0.77
,0.11
,0.79
,1.0
,0.13
,0.83
,0.89
,1.0
,0.74
,1.0
,0.24
,0.14
,0.18
,1.0
,0.18
,0.15
,0.13
,1.0
,0.14
,0.21
,1.0
,0.77
,1.0
,0.17
,0.16
,0.77
,0.09
,0.17
,0.19
,0.12
,0.79
,0.12
,0.9
,0.32
,0.1
,0.8
,1.0
,1.0
,0.17
,0.78
,1.0
,0.8
,0.81
,0.06
,0.76
,0.25
,0.76
,0.2
,0.21
,0.99
,1.0
,1.0
,0.82
,0.15
,0.15
,1.0
,0.85
,0.13
,0.14
,1.0
,0.88
,0.81
,0.84
,0.23
,1.0
,0.83
,0.17
,0.84
,0.22
,0.83
,0.8
,1.0
,1.0
,0.84
,0.07
,0.82
,1.0
,0.78
,0.16
,1.0
,1.0
,0.76
,1.0
,0.12
,0.8
,0.88
,0.1
,0.84
,1.0
,1.0
,0.78
,0.71
,0.18
,0.81
,0.1
,1.0
,1.0
,0.73
,0.99
,0.82
,0.78
,0.17
,0.86
,0.09
,0.95
,0.8
,0.88
,0.08
,0.18
,0.09
,0.77
,0.16
,1.0
,0.15
,0.2
,0.27
,0.21
,1.0
,1.0
,0.18
,0.81
,1.0
,0.14
,1.0
,0.76
,0.89
,0.79
,0.16
,0.1
,0.1
,0.91
,0.98
,1.0
,0.72
,0.69
,0.77
,0.08
,1.0
,0.14
,1.0
,0.8
,0.67
,0.16
,0.85
,0.08
,0.14
,0.2
,1.0
,0.84
,0.17
,0.1
,0.74
,0.18
,0.14
,1.0
,0.75
,0.76
,1.0
,0.13
,1.0
,0.83
,0.83
,0.65
,0.09
,1.0
,0.97
,0.8
,0.85
,0.85
,1.0
,0.18
,0.88
,1.0
,1.0
,0.77
,0.96
,0.99
,1.0
,0.81
,0.84
,0.1
,0.11
,1.0
,0.95
,0.25
,0.99
,0.11
,0.8
,0.86
,1.0
,0.14
,0.23
,1.0
,0.06
,0.18
,0.12
,1.0
,0.73
,0.12
,1.0
,0.13
,1.0
,0.97
,0.25
,0.14
,0.16
,0.86
,0.11
,0.99
,0.3
,0.86
,0.13
,0.84
,0.14
,0.78
,0.99
,0.69
,0.85
,0.17
,1.0
,0.93
,1.0
,1.0
,0.79
,0.13
,1.0
,0.76
,0.7
,1.0
,0.75
,0.79
,0.99
,0.28
,0.81
,0.83
,0.85
,0.85
,0.19
,0.19
,0.17
,0.26
,0.23
,0.83
,0.81
,0.7
,1.0
,0.15
,0.17
,0.9
,0.12
,0.99
,1.0
,1.0
,0.1
,1.0
,0.1
,0.82
,0.16
,0.13
,0.8
,0.8
,0.8
,0.14
,0.85
,0.1
,0.76
,1.0
,1.0
,0.21
,0.78
,0.13
,0.82
,0.61
,0.78
,0.18
,0.73
,0.77
,1.0
,0.89
,0.14
,0.86
,0.22
,0.16
,0.1
,0.8
,0.17
,1.0
,0.13
,0.62
,0.14
,0.83
,0.8
,0.12
,0.97
,0.14
,0.27
,1.0
,0.2
,1.0
,0.24
,1.0
,0.76
,1.0
,0.8
,0.16
,0.73
,0.75
,0.22
,0.74
,0.12
,1.0
,0.75
,0.85
,0.81
,1.0
,1.0
,0.24
,0.74
,1.0
,0.83
,0.13
,0.17
,0.11
,0.21
,0.76
,0.82
,0.9
,0.81
,1.0
,0.77
,0.27
,1.0
,0.75
,0.14
,1.0
,0.88
,0.72
,1.0
,1.0
,0.73
,0.8
,0.8
,0.11
,1.0
,0.06
,0.76
,0.14
,1.0
,0.84
,0.99
,0.11
,0.68
,0.2
,0.22
,1.0
,0.23
,0.2
,0.16
,0.92
,1.0
,0.18
,0.24
,1.0
,0.81
,0.24
,0.21
,0.2
,0.07
,0.18
,0.75
,0.26
,1.0
,0.77
,0.21
,0.82
,0.08
,1.0
,1.0
,0.11
,0.77
,0.27
,0.93
,0.17
,0.13
,0.86
,1.0
,0.07
,1.0
,1.0
,0.2
,0.95
,1.0
,1.0
,1.0
,0.18
,0.77
,0.91
,1.0
,1.0
,0.07
,0.7
,0.22
,0.78
,1.0
,1.0
,0.15
,1.0
,0.79
,0.13
,0.99
,0.14
,0.18
,0.16
,0.18
,0.14
,0.98
,0.74
,0.21
,0.21
,0.24
,0.07
,0.09
,0.1
,0.21
,0.17
,1.0
,0.17
,0.82
,0.09
,0.73
,0.15
,1.0
,0.2
,1.0
,1.0
,1.0
,0.76
,1.0
,1.0
,0.74
,0.12
,1.0
,0.8
,1.0
,0.76
,0.11
,0.14
,0.81
,0.75
,1.0
,0.24
,0.2
,0.81
,0.68
,0.63
,1.0
,0.2
,0.8
,0.08
,0.83
,0.87
,0.94
,0.13
,0.76
,0.08
,0.16
,0.13
,0.1
,0.1
,0.15
,0.67
,0.86
,0.81
,0.26
,0.11
,1.0
,0.14
,0.17
,0.78
,0.99
,0.8
,0.16
,0.75
,0.75
,0.86
,0.28
,0.83
,0.76
,1.0
,0.16
,0.25
,1.0
,0.91
,0.72
,0.15
,1.0
,0.13
,0.84
,0.68
,0.16
,0.17
,0.76
,0.08
,1.0
,0.88
,1.0
,0.9
,0.82
,0.23
,0.82
,1.0
,0.74
,0.84
,1.0
,0.21
,0.79
,0.81
,0.85
,0.74
,0.13
,0.96
,0.23
,0.24
,0.99
,0.99
,0.05
,0.18
,0.16
,0.86
,0.74
,0.87
,0.14
,0.19
,0.76
,0.12
,0.12
,0.11
,0.72
,0.19
,0.98
,0.8
,0.86
,0.18
,0.25
,0.74
,1.0
,1.0
,0.16
,0.18
,0.12
,0.18
,0.83
,0.84
,0.76
,0.93
,0.18
,0.84
,1.0
,0.8
,1.0
,0.19
,0.76
,0.13
,1.0
,0.83
,0.16
,0.76
,0.2
,0.11
,0.72
,1.0
,0.17
,0.7
,0.91
,0.79
,0.22
,0.99
,0.87
,0.14
,0.8
,0.89
,0.75
,0.22
,0.13
,0.14
,0.77
,0.84
,1.0
,0.06
,0.16
,0.15
,1.0
,1.0
,0.19
,0.74
,0.18
,0.77
,0.13
,0.22
,1.0
,0.18
,0.25
,1.0
,0.15
,0.1
,0.84
,0.99
,0.17
,0.82
,0.71
,0.81
,0.99
,1.0
,0.76
,0.09
,0.19
,0.68
,0.82
,1.0
,0.13
,0.09
,0.84
,0.18
,1.0
,1.0
,0.17
,0.15
,0.17
,0.2
,0.82
,0.15
,0.14
,1.0
,0.12
,0.86
,1.0
,1.0
,0.19
,0.15
,0.82
,0.73
,1.0
,1.0
,0.19
,0.2
,0.99
,0.99
,0.12
,0.83
,0.82
,1.0
,0.72
,0.84
,0.72
,0.08
,1.0
,0.17
,0.22
,0.15
,0.83
,0.15
,0.19
,0.09
,1.0
,0.17
,0.24
,0.16
,1.0
,1.0
,0.83
,0.12
,0.77
,0.8
,0.99
,0.79
,0.15
,0.08
,0.21
,0.77
,0.96
,0.18
,0.77
,0.23
,0.18
,0.84
,0.87
,0.18
,0.78
,0.72
,0.14
,0.17
,0.83
,0.17
,0.81
,0.75
,0.16
,0.12
,0.23
,0.14
,0.14
,0.86
,0.81
,0.24
,0.19
,0.83
,0.64
,0.98
,1.0
,0.76
,0.04
,0.8
,0.18
,0.99
,1.0
,1.0
,0.23
,0.23
,1.0
,0.8
,0.97
,0.79
,0.15
,0.25
,0.66
,0.83
,0.84
,0.99
,0.72
,1.0
,0.75
,0.23
,0.85
,0.98
,0.19
,0.21
,0.81
,0.99
,1.0
,0.11
,0.85
,1.0
,1.0
,1.0
,0.8
,0.1
,0.18
,0.96
,1.0
,0.81
,0.74
,0.82
,1.0
,0.94
,0.74
,0.16
,1.0
,0.12
,0.14
,0.19
,0.11
,0.17
,0.24
,0.14
,0.8
,0.14
,0.96
,0.17
,1.0
,0.89
,0.11
,0.25
,0.99
,0.87
,1.0
,0.99
,0.99
,0.87
,1.0
,0.15
,1.0
,0.3
,0.17
,0.98
,0.1
,0.85
,0.11
,0.2
,0.79
,1.0
,0.23
,1.0
,0.08
,0.83
,0.12
,0.26
,0.81
,0.15
,0.83
,0.11
,0.23
,0.82
,0.18
,1.0
,0.16
,0.81
,0.76
,0.12
,1.0
,1.0
,0.13
,0.21
,0.21
,0.73
,0.79
,1.0
,0.22
,0.14
,0.13
,1.0
,0.18
,0.83
,0.09
,0.11
,0.19
,0.22
,0.27
,0.15
,0.86
,1.0
,0.82
,0.96
,1.0
,0.85
,0.17
,0.17
,0.81
,1.0
,0.84
,0.14
,1.0
,0.13
,1.0
,0.95
,0.72
,0.22
,0.18
,0.77
,1.0
,1.0
,0.85
,0.72
,0.25
,0.19
,0.78
,0.99
,0.21
,0.15
,0.98
,1.0
,0.66
,0.83
,0.82
,0.22
,0.98
,0.76
,0.73
,0.15
,1.0
,0.2
,0.99
,0.16
,0.8
,0.16
,1.0
,1.0
,0.84
,0.09
,0.88
,0.22
,0.11
,0.18
,0.92
,0.85
,0.74
,0.28
,1.0
,1.0
,1.0
,0.19
,0.24
,0.97
,1.0
,0.72
,0.2
,0.19
,0.15
,0.2
,0.76
,0.11
,1.0
,0.79
,1.0
,0.2
,0.14
,0.7
,0.76
,0.22
,0.8
,0.18
,0.88
,0.82
,0.13
,1.0
,0.19
,0.7
,1.0
,0.17
,0.77
,0.77
,0.15
,0.15
,1.0
,0.75
,1.0
,0.8
,1.0
,0.81
,0.83
,1.0
,0.23
,1.0
,0.72
,0.73
,0.76
,0.85
,1.0
,1.0
,1.0
,1.0
,0.82
,0.16
,0.96
,0.14
,1.0
,0.2
,0.17
,0.15
,1.0
,1.0
,0.76
,1.0
,0.77
,0.16
,0.79
,0.27
,0.74
,1.0
,0.76
,0.81
,0.8
,0.19
,0.16
,0.17
,0.75
,0.32
,0.12
,0.94
,1.0
,0.24
,1.0
,0.85
,0.19
,0.97
,0.78
,1.0
,0.78
,0.13
,0.8
,0.09
,0.11
,0.13
,0.82
,1.0
,0.08
,0.17
,1.0
,0.69
,0.67
,0.15
,0.26
,0.81
,0.71
,0.08
,1.0
,0.79
,1.0
,0.78
,0.75
,0.16
,0.83
,1.0
,0.1
,0.12
,0.79
,0.27
,0.8
,1.0
,1.0
,1.0
,1.0
,0.24
,0.81
,0.77
,0.79
,0.16
,0.1
,1.0
,0.91
,0.82
,0.83
,0.19
,0.79
,0.18
,1.0
,0.95
,0.23
,1.0
,0.16
,0.86
,1.0
,1.0
,0.99
,0.16
,0.15
,0.71
,1.0
,0.25
,0.75
,0.78
,0.76
,1.0
,0.18
,0.09
,0.99
,1.0
,0.8
,0.09
,0.99
,0.17
,0.81
,1.0
,0.09
,0.82
,0.15
,0.1
,0.99
,0.74
,0.05
,0.8
,0.05
,0.21
,0.79
,0.79
,1.0
,1.0
,0.84
,0.22
,0.77
,0.83
,0.08
,1.0
,0.82
,1.0
,0.99
,0.13
,0.18
,0.15
,0.13
,1.0
,0.98
,1.0
,0.22
,1.0
,0.13
,0.91
,0.05
,0.18
,0.19
,0.99
,1.0
,0.85
,0.11
,0.67
,0.09
,0.99
,0.22
,0.17
,0.8
,0.83
,0.12
,0.22
,0.81
,0.2
,0.82
,1.0
,0.8
,0.1
,1.0
,0.81
,0.17
,0.14
,0.11
,0.2
,0.02
,0.1
,0.08
,0.88
,0.2
,1.0
,0.68
,1.0
,0.72
,0.13
,0.2
,1.0
,1.0
,0.12
,0.74
,1.0
,0.84
,0.17
,1.0
,0.76
,0.99
,0.79
,1.0
,0.82
,0.19
,1.0
,0.11
,1.0
,0.83
,0.71
,1.0
,0.99
,0.78
,0.16
,0.93
,1.0
,0.15
,0.21
,0.8
,1.0
,1.0
,1.0
,0.14
,0.99
,0.08
,0.77
,0.81
,0.18
,0.21
,0.06
,1.0
,0.96
,1.0
,0.25
,0.8
,0.14
,0.13
,0.96
,0.23
,0.13
,0.19
,0.26
,0.72
,0.2
,0.7
,0.84
,0.81
,0.11
,1.0
,0.79
,0.13
,0.86
,0.76
,0.85
,0.1
,0.75
,0.15
,0.25
,0.78
,0.84
,0.16
,1.0
,0.11
,0.76
,1.0
,0.11
,0.66
,0.69
,0.28
,0.87
,0.14
,1.0
,1.0
,0.23
,0.19
,0.78
,0.77
,0.86
,0.88
,0.14
,0.19
,0.75
,0.98
,0.85
,0.34
,0.8
,0.11
,0.85
,1.0
,0.79
,0.94
,0.97
,0.19
,0.98
,0.19
,0.8
,0.13
,0.13
,1.0
,0.08
,0.88
,0.15
,0.79
,0.2
,0.78
,0.14
,0.99
,0.77
,0.17
,0.83
,0.1
,1.0
,0.9
,0.11
,0.22
,0.15
,0.15
,0.88
,0.99
,1.0
,0.2
,0.79
,0.72
,1.0
,0.77
,0.24
,1.0
,0.83
,0.1
,0.82
,1.0
,0.8
,0.84
,0.18
,1.0
,1.0
,0.85
,0.24
,0.14
,0.87
,0.15
,0.11
,0.19
,0.11
,0.07
,0.21
,0.84
,0.15
,0.78
,0.89
,0.74
,0.04
,0.18
,1.0
,0.76
,0.2
,0.69
,0.76
,0.18
,0.13
,0.78
,0.08
,0.19
,0.78
,1.0
,0.85
,1.0
,0.72
,0.13
,0.21
,1.0
,0.99
,0.98
,1.0
,0.24
,0.71
,1.0
,0.14
,0.99
,1.0
,0.75
,1.0
,0.24
,0.82
,1.0
,1.0
,0.15
,0.83
,1.0
,0.34
,1.0
,0.1
,0.8
,0.76
,0.99
,0.07
,0.17
,0.13
,0.88
,1.0
,0.92
,0.83
,0.85
,1.0
,1.0
,0.08
,1.0
,0.77
,0.17
,0.2
,0.09
,0.8
,0.81
,0.77
,0.98
,1.0
,0.16
,0.73
,0.2
,0.19
,0.2
,0.23
,0.99
,0.87
,0.09
,0.88
,0.8
,0.15
,1.0
,0.17
,0.82
,0.93
,1.0
,0.76
,0.16
,0.16
,0.83
,0.73
,0.18
,0.91
,1.0
,0.87
,0.76
,0.76
,0.19
,0.92
,0.23
,1.0
,0.13
,0.25
,0.79
,1.0
,0.11
,1.0
,0.88
,0.85
,0.88
,0.24
,1.0
,0.81
,1.0
,0.26
,1.0
,0.19
,0.14
,0.69
,1.0
,0.21
,0.75
,1.0
,1.0
,0.99
,0.66
,0.87
,0.84
,0.74
,0.33
,0.03
,0.79
,0.15
,0.79
,1.0
,1.0
,0.13
,0.93
,0.89
,0.16
,0.17
,0.88
,1.0
,0.11
,0.19
,0.86
,0.99
,0.15
,0.76
,0.14
,0.14
,0.15
,0.12
,0.15
,0.88
,0.19
,0.2
,1.0
,0.95
,1.0
,0.28
,0.15
,1.0
,0.17
,1.0
,0.12
,1.0
,0.13
,0.27
,1.0
,0.86
,0.15
,0.08
,0.18
,1.0
,0.09
,0.79
,0.16
,1.0
,0.78
,1.0
,1.0
,1.0
,0.27
,0.7
,1.0
,0.14
,1.0
,0.12
,0.13
,0.25
,0.75
,0.79
,1.0
,0.14
,0.11
,0.15
,0.22
,0.13
,0.11
,0.95
,0.95
,1.0
,0.83
,1.0
,0.19
,0.76
,1.0
,0.69
,0.78
,0.11
,0.18
,0.86
,0.99
,0.8
,1.0
,1.0
,0.18
,1.0
,0.16
,0.86
,1.0
,0.78
,0.14
,0.98
,1.0
,0.1
,1.0
,0.75
,0.73
,0.74
,0.22
,0.14
,0.83
,0.15
,1.0
,0.14
,0.13
,0.97
,0.17
,0.99
,0.23
,0.12
,0.8
,1.0
,0.82
,1.0
,0.18
,0.24
,0.12
,0.88
,0.16
,0.14
,0.11
,1.0
,0.77
,0.78
,0.78
,1.0
,0.13
,0.15
,0.81
,0.22
,0.73
,0.8
,0.72
,0.68
,0.13
,1.0
,0.85
,1.0
,0.17
,1.0
,0.99
,0.14
,0.99
,0.16
,0.87
,1.0
,0.17
,0.85
,0.18
,1.0
,0.1
,0.72
,1.0
,0.14
,0.93
,0.78
,0.11
,1.0
,0.99
,1.0
,0.73
,1.0
,1.0
,0.99
,0.16
,0.78
,1.0
,0.19
,0.16
,0.87
,0.94
,0.14
,0.8
,0.15
,0.85
,1.0
,0.25
,0.19
,0.15
,1.0
,0.99
,0.69
,0.7
,0.78
,0.14
,0.7
,0.05
,0.72
,0.19
,0.23
,0.99
,0.18
,0.13
,1.0
,0.2
,0.09
,1.0
,0.94
,0.13
,1.0
,0.09
,0.75
,0.99
,0.13
,0.23
,1.0
,0.06
,0.15
,0.97
,0.86
,0.85
,0.13
,0.83
,0.76
,0.22
,0.74
,1.0
,1.0
,0.84
,0.8
,0.8
,0.17
,0.13
,1.0
,0.13
,0.82
,0.75
,0.9
,0.21
,0.77
,0.72
,0.85
,0.17
,0.13
,0.16
,0.81
,1.0
,0.11
,0.84
,1.0
,0.15
,1.0
,0.75
,0.14
,0.91
,0.83
,0.16
,1.0
,0.11
,1.0
,0.24
,0.05
,0.84
,1.0
,0.85
,0.83
,1.0
,0.76
,0.18
,1.0
,0.96
,0.79
,0.88
,0.86
,0.99
,0.81
,0.75
,0.14
,0.2
,0.75
,0.16
,0.14
,0.84
,1.0
,0.86
,0.19
,0.73
,0.15
,1.0
,0.11
,1.0
,0.09
,0.76
,0.8
,0.8
,1.0
,0.19
,0.08
,1.0
,0.23
,0.79
,0.8
,0.19
,0.18
,1.0
,0.8
,1.0
,0.89
,0.92
,0.75
,1.0
,1.0
,0.84
,0.78
,0.16
,0.89
,1.0
,1.0
,0.13
,0.8
,0.19
,1.0
,0.85
,0.2
,0.12
,0.22
,0.24
,0.15
,0.15
,1.0
,0.99
,0.14
,1.0
,0.67
,0.83
,0.84
,0.79
,0.98
,0.19
,0.74
,0.12
,1.0
,0.86
,0.23
,1.0
,0.28
,0.17
,0.14
,0.98
,0.12
,1.0
,0.22
,0.1
,0.17
,0.09
,1.0
,0.06
,0.18
,0.12
,0.11
,0.15
,1.0
,0.86
,0.18
,0.15
,0.2
,0.69
,0.16
,0.95
,1.0
,1.0
,0.1
,1.0
,1.0
,0.79
,0.73
,0.08
,0.24
,0.25
,0.19
,1.0
,0.8
,0.19
,0.83
,0.1
,0.16
,1.0
,0.12
,0.2
,1.0
,0.78
,0.19
,0.2
,0.83
,0.83
,0.82
,0.16
,0.8
,0.98
,0.84
,0.98
,1.0
,0.95
,0.18
,0.13
,0.15
,0.11
,0.22
,1.0
,1.0
,1.0
,1.0
,0.19
,0.17
,0.78
,0.99
,0.21
,0.99
,0.99
,1.0
,1.0
,0.17
,0.84
,0.81
,0.99
,1.0
,0.21
,0.2
,0.1
,0.22
,0.78
,0.98
,0.79
,1.0
,1.0
,0.76
,1.0
,0.75
,0.82
,1.0
,0.98
,1.0
,0.09
,0.24
,1.0
,0.82
,0.89
,1.0
,1.0
,0.79
,0.21
,0.27
,0.7
,0.8
,0.17
,1.0
,0.78
,0.83
,1.0
,0.07
,1.0
,1.0
,0.99
,0.2
,0.2
,0.69
,0.23
,0.85
,1.0
,0.09
,0.99
,0.87
,1.0
,0.77
,0.13
,0.16
,0.15
,0.08
,0.87
,0.99
,0.99
,0.22
,0.81
,1.0
,0.76
,0.11
,0.94
,0.74
,1.0
,0.74
,1.0
,0.78
,0.14
,1.0
,0.17
,0.83
,0.18
,0.82
,0.81
,0.14
,0.13
,0.76
,0.97
,0.71
,0.15
,0.14
,0.72
,1.0
,0.85
,0.18
,0.82
,0.84
,0.86
,0.11
,0.83
,0.17
,0.99
,0.88
,0.82
,0.14
,0.14
,0.69
,0.25
,0.82
,0.1
,0.2
,0.7
,0.95
,0.99
,1.0
,0.12
,1.0
,0.81
,0.22
,0.86
,0.17
,0.79
,0.81
,0.85
,0.14
,1.0
,0.13
,0.26
,1.0
,0.69
,1.0
,1.0
,0.99
,0.99
,0.19
,0.81
,0.84
,0.78
,0.76
,1.0
,0.76
,0.98
,0.29
,0.27
,0.13
,0.77
,0.91
,0.82
,1.0
,1.0
,0.13
,0.13
,0.76
,0.19
,0.93
,1.0
,0.22
,0.73
,1.0
,0.25
,0.27
,0.77
,1.0
,0.19
,0.13
,0.76
,0.16
,0.77
,0.86
,0.19
,0.87
,0.11
,0.21
,0.75
,0.09
,0.09
,0.81
,0.19
,1.0
,0.11
,0.74
,1.0
,0.95
,0.93
,0.99
,0.14
,0.79
,0.16
,1.0
,0.22
,0.07
,0.12
,0.2
,0.09
,1.0
,0.81
,0.84
,0.2
,0.19
,1.0
,1.0
,0.99
,0.82
,0.87
,1.0
,0.77
,1.0
,0.83
,0.91
,0.12
,0.19
,0.79
,1.0
,0.08
,0.95
,1.0
,1.0
,1.0
,1.0
,1.0
,0.8
,0.11
,0.91
,0.72
,0.77
,1.0
,0.21
,0.82
,1.0
,1.0
,0.06
,0.15
,1.0
,0.13
,0.69
,0.85
,0.78
,0.75
,0.81
,0.17
,0.81
,0.72
,0.75
,1.0
,1.0
,0.18
,0.1
,0.88
,0.23
,0.8
,0.15
,0.05
,0.15
,0.94
,0.79
,0.18
,1.0
,0.21
,0.96
,0.18
,1.0
,1.0
,0.23
,0.8
,0.17
,0.24
,0.71
,0.17
,0.2
,1.0
,0.12
,0.99
,0.25
,0.99
,0.28
,0.14
,1.0
,0.14
,0.11
,0.8
,0.79
,0.19
,0.78
,0.18
,1.0
,0.99
,0.1
,0.9
,1.0
,0.12
,0.15
,0.23
,1.0
,0.78
,0.15
,1.0
,1.0
,0.24
,1.0
,0.13
,0.78
,0.83
,0.89
,1.0
,1.0
,0.82
,0.25
,0.84
,0.17
,0.89
,1.0
,0.14
,1.0
,0.8
,0.17
,0.23
,1.0
,0.76
,1.0
,1.0
,0.26
,0.8
,0.17
,0.76
,0.97
,0.9
,0.17
,0.17
,0.15
,0.7
,0.96
,0.14
,0.84
,0.21
,0.14
,1.0
,0.23
,0.18
,1.0
,0.73
,0.14
,0.75
,0.75
,0.68
,0.2
,0.15
,0.22
,1.0
,1.0
,0.16
,0.77
,0.8
,1.0
,0.2
,0.82
,0.76
,1.0
,1.0
,0.98
,0.14
,0.21
,0.71
,1.0
,0.2
,0.1
,0.23
,0.08
,1.0
,0.1
,0.19
,0.78
,0.84
,0.9
,0.99
,0.1
,0.99
,0.13
,0.11
,0.83
,0.83
,0.11
,0.11
,0.99
,0.82
,0.76
,0.14
,0.95
,0.83
,0.78
,0.69
,0.15
,0.98
,0.11
,0.1
,1.0
,0.12
,0.77
,0.86
,1.0
,0.22
,0.25
,0.2
,0.13
,0.82
,1.0
,0.75
,0.13
,0.75
,0.22
,0.16
,0.13
,0.77
,0.73
,0.14
,0.84
,0.09
,1.0
,1.0
,1.0
,0.99
,0.09
,0.24
,0.29
,0.85
,0.81
,0.72
,1.0
,1.0
,1.0
,0.95
,1.0
,1.0
,0.15
,1.0
,1.0
,0.15
,0.13
,0.27
,0.85
,1.0
,1.0
,1.0
,0.13
,1.0
,0.12
,0.2
,0.18
,0.19
,0.19
,1.0
,0.1
,0.8
,1.0
,0.32
,0.2
,0.96
,0.82
,0.23
,1.0
,0.89
,0.87
,1.0
,0.83
,0.74
,0.72
,1.0
,0.19
,1.0
,0.78
,0.26
,0.2
,1.0
,0.05
,0.1
,0.24
,0.76
,0.85
,0.17
,0.83
,1.0
,0.79
,0.26
,0.16
,0.24
,0.9
,0.99
,0.15
,0.07
,0.93
,0.17
,0.96
,0.21
,0.77
,0.15
,0.75
,0.89
,0.84
,0.17
,1.0
,0.87
,0.14
,0.66
,0.8
,1.0
,0.16
,0.22
,0.75
,0.75
,0.96
,0.13
,0.21
,0.3
,1.0
,0.16
,0.14
,1.0
,1.0
,0.12
,0.8
,0.12
,0.17
,1.0
,0.79
,0.17
,0.8
,0.25
,0.85
,0.74
,1.0
,0.09
,0.79
,0.82
,0.22
,0.86
,0.13
,0.21
,0.78
,0.16
,1.0
,1.0
,1.0
,0.84
,0.12
,0.3
,0.77
,0.22
,0.86
,0.14
,0.82
,0.13
,0.99
,0.77
,1.0
,0.05
,0.12
,1.0
,0.75
,0.86
,0.89
,1.0
,0.87
,1.0
,0.13
,0.24
,0.99
,0.2
,0.84
,0.8
,0.23
,0.15
,0.75
,0.06
,0.79
,0.85
,0.75
,0.99
,0.11
,0.15
,1.0
,1.0
,1.0
,0.16
,0.12
,0.2
,0.79
,0.98
,1.0
,1.0
,0.06
,1.0
,0.74
,0.82
,0.23
,1.0
,0.14
,0.18
,0.1
,0.12
,0.8
,0.8
,0.22
,0.83
,0.99
,0.75
,0.85
,1.0
,0.82
,0.99
,0.88
,0.06
,0.08
,0.75
,0.9
,0.8
,0.19
,1.0
,0.83
,0.77
,0.21
,0.77
,0.2
,0.26
,0.15
,0.2
,0.09
,1.0
,1.0
,0.07
,0.72
,0.79
,1.0
,1.0
,0.12
,0.13
,1.0
,0.11
,0.79
,0.7
,1.0
,1.0
,0.8
,0.98
,0.14
,1.0
,0.8
,0.98
,0.08
,0.77
,0.88
,0.21
,0.04
,0.16
,1.0
,0.81
,1.0
,0.18
,0.8
,0.14
,0.2
,0.21
,1.0
,0.61
,0.09
,0.21
,0.17
,0.84
,1.0
,0.8
,1.0
,0.89
,0.09
,0.07
,0.16
,1.0
,0.14
,0.23
,0.84
,0.8
,0.18
,0.82
,0.74
,0.14
,0.81
,0.92
,0.18
,0.8
,0.18
,0.81
,0.4
,0.99
,0.17
,1.0
,1.0
,0.83
,0.97
,0.13
,0.8
,1.0
,0.14
,0.94
,0.95
,0.17
,0.84
,1.0
,0.22
,1.0
,0.14
,0.88
,0.73
,0.81
,1.0
,0.04
,0.15
,0.15
,1.0
,1.0
,0.24
,0.88
,1.0
,0.29
,0.22
,1.0
,0.18
,0.17
,0.81
,0.16
,0.82
,0.74
,1.0
,0.14
,0.76
,0.8
,0.89
,0.16
,0.81
,0.84
,0.13
,0.04
,0.15
,0.25
,0.19
,1.0
,0.18
,0.76
,0.21
,0.99
,0.12
,0.1
,0.93
,0.75
,0.99
,0.84
,0.85
,0.9
,1.0
,0.11
,0.15
,0.97
,0.16
,1.0
,0.14
,0.22
,0.93
,0.15
,0.21
,0.14
,1.0
,0.15
,1.0
,0.76
,0.2
,1.0
,1.0
,0.79
,1.0
,1.0
,0.18
,0.76
,0.14
,0.84
,0.85
,0.79
,1.0
,0.81
,0.75
,0.15
,0.78
,1.0
,0.87
,0.82
,1.0
,1.0
,0.77
,0.11
,1.0
,0.15
,0.99
,0.2
,0.78
,0.74
,0.13
,0.79
,1.0
,0.14
,0.94
,0.81
,1.0
,0.98
,0.69
,0.85
,0.14
,0.13
,1.0
,0.81
,0.89
,1.0
,1.0
,0.32
,0.87
,0.21
,0.96
,0.8
,0.88
,0.13
,0.14
,0.12
,0.75
,0.27
,0.94
,0.14
,0.77
,0.19
,0.14
,0.28
,1.0
,0.75
,1.0
,0.21
,0.98
,0.17
,0.74
,0.13
,0.77
,1.0
,0.98
,0.88
,0.14
,0.79
,0.23
,0.16
,0.8
,0.79
,1.0
,0.84
,1.0
,0.16
,0.29
,0.23
,1.0
,1.0
,0.22
,1.0
,1.0
,1.0
,0.75
,0.09
,0.84
,0.2
,0.17
,0.18
,1.0
,1.0
,0.79
,0.78
,0.75
,0.17
,0.72
,0.86
,0.26
,0.11
,0.84
,0.14
,0.11
,0.12
,0.85
,0.95
,1.0
,0.14
,0.72
,1.0
,0.7
,1.0
,0.06
,0.18
,0.76
,0.1
,0.15
,0.87
,0.31
,0.83
,0.15
,0.82
,0.8
,0.78
,0.97
,0.89
,0.17
,0.18
,0.81
,0.32
,1.0
,1.0
,0.85
,0.85
,1.0
,1.0
,0.15
,0.11
,1.0
,1.0
,0.18
,0.17
,0.25
,0.1
,0.8
,1.0
,1.0
,1.0
,1.0
,0.7
,0.2
,0.09
,0.14
,1.0
,0.18
,0.1
,0.11
,0.17
,0.13
,0.99
,0.82
,0.78
,0.12
,0.69
,1.0
,0.77
,0.18
,0.03
,0.14
,0.23
,0.77
,0.77
,0.19
,0.13
,0.23
,1.0
,0.94
,0.75
,0.15
,0.83
,0.68
,0.16
,0.09
,0.09
,1.0
,0.89
,0.75
,0.09
,0.72
,1.0
,0.12
,0.13
,1.0
,0.99
,0.85
,0.12
,0.77
,0.14
,0.14
,1.0
,0.13
,0.13
,0.83
,1.0
,0.13
,0.14
,0.07
,0.12
,0.24
,0.15
,0.1
,1.0
,0.05
,0.2
,1.0
,0.85
,0.78
,0.86
,0.13
,0.86
,0.1
,0.12
,0.15
,0.77
,0.79
,0.79
,0.13
,0.35
,0.22
,0.9
,0.75
,1.0
,0.19
,1.0
,0.19
,0.7
,0.8
,0.75
,0.79
,0.16
,0.17
,0.19
,0.1
,1.0
,1.0
,1.0
,1.0
,0.8
,1.0
,1.0
,0.83
,0.14
,0.26
,0.95
,0.1
,0.83
,0.2
,0.13
,0.75
,0.09
,0.96
,0.88
,0.21
,0.78
,0.21
,0.19
,0.82
,0.19
,0.98
,1.0
,0.17
,0.75
,0.88
,1.0
,1.0
,0.19
,0.96
,0.11
,0.13
,0.74
,0.95
,0.84
,0.14
,0.16
,0.86
,0.16
,1.0
,0.18
,0.98
,0.78
,0.8
,0.76
,0.15
,0.73
,0.2
,0.17
,1.0
,0.89
,0.24
,1.0
,0.75
,0.16
,0.14
,0.79
,0.71
,0.84
,1.0
,0.67
,0.79
,0.22
,0.16
,0.97
,0.17
,0.16
,1.0
,0.83
,0.8
,0.86
,0.1
,0.81
,0.19
,0.23
,0.98
,0.15
,0.83
,1.0
,0.16
,1.0
,1.0
,0.74
,0.11
,0.99
,0.99
,0.2
,1.0
,0.13
,1.0
,1.0
,0.87
,0.81
,0.81
,1.0
,0.76
,0.17
,0.79
,0.14
,0.11
,0.82
,0.13
,1.0
,1.0
,0.99
,0.84
,0.16
,1.0
,0.22
,0.12
,0.17
,0.72
,0.08
,0.18
,0.09
,0.15
,0.21
,0.73
,0.36
,1.0
,0.19
,0.13
,0.8
,0.19
,0.2
,1.0
,0.22
,0.26
,1.0
,0.99
,1.0
,0.21
,0.85
,0.98
,0.12
,1.0
,0.82
,0.79
,0.91
,1.0
,1.0
,0.17
,1.0
,0.21
,0.17
,0.18
,0.16
,0.06
,0.14
,0.99
,0.95
,0.75
,1.0
,0.14
,0.7
,1.0
,0.97
,1.0
,0.85
,0.19
,1.0
,0.99
,0.19
,0.82
,1.0
,0.76
,0.89
,1.0
,0.15
,0.04
,0.76
,0.11
,0.77
,0.96
,1.0
,0.1
,0.15
,1.0
,0.77
,0.23
,0.16
,0.98
,0.15
,0.97
,0.22
,0.18
,0.29
,1.0
,1.0
,1.0
,0.23
,0.75
,1.0
,0.99
,1.0
,0.12
,0.78
,1.0
,1.0
,1.0
,1.0
,1.0
,0.97
,0.1
,0.17
,0.24
,1.0
,0.82
,0.24
,1.0
,0.22
,1.0
,0.96
,0.91
,0.2
,0.99
,1.0
,0.85
,1.0
,0.76
,0.15
,1.0
,0.11
,0.08
,0.16
,0.76
,0.82
,1.0
,0.76
,0.81
,1.0
,0.16
,0.17
,0.12
,0.13
,0.05
,1.0
,1.0
,0.19
,1.0
,0.12
,0.72
,1.0
,0.87
,0.85
,0.2
,0.76
,0.79
,0.07
,0.98
,1.0
,0.7
,0.89
,0.74
,1.0
,0.14
,1.0
,0.96
,0.99
,0.86
,0.21
,0.24
,0.13
,0.79
,0.1
,1.0
,0.84
,0.19
,0.21
,0.81
,1.0
,1.0
,0.86
,1.0
,0.78
,0.99
,0.19
,1.0
,0.81
,1.0
,0.81
,1.0
,0.07
,1.0
,1.0
,0.82
,0.15
,0.99
,0.15
,0.25
,1.0
,0.8
,0.23
,0.17
,0.21
,0.08
,0.2
,0.17
,1.0
,0.82
,0.79
,0.13
,1.0
,1.0
,1.0
,1.0
,0.84
,1.0
,0.99
,1.0
,0.82
,0.78
,0.84
,0.69
,0.99
,0.17
,0.8
,0.26
,0.23
,0.72
,1.0
,1.0
,1.0
,0.2
,0.2
,0.18
,0.76
,1.0
,1.0
,0.83
,0.08
,0.09
,1.0
,0.21
,0.76
,0.88
,0.26
,0.83
,1.0
,0.19
,0.79
,1.0
,0.14
,0.12
,0.17
,0.17
,0.23
,0.13
,0.11
,0.77
,0.91
,1.0
,0.85
,0.2
,0.17
,0.8
,0.99
,0.22
,0.1
,1.0
,0.21
,0.99
,0.15
,0.97
,1.0
,0.81
,1.0
,1.0
,0.87
,0.79
,1.0
,0.12
,0.12
,0.99
,0.75
,1.0
,1.0
,0.13
,0.75
,0.69
,0.9
,1.0
,1.0
,0.17
,0.81
,0.09
,0.15
,0.18
,0.16
,0.09
,0.23
,0.08
,0.91
,0.82
,0.74
,0.82
,0.25
,0.84
,0.83
,0.12
,0.12
,1.0
,0.14
,1.0
,0.17
,1.0
,0.15
,1.0
,0.16
,1.0
,0.24
,1.0
,0.91
,0.95
,0.99
,0.24
,0.13
,0.82
,0.81
,1.0
,0.12
,1.0
,0.17
,0.17
,0.8
,0.75
,0.15
,0.79
,0.12
,0.22
,0.17
,0.12
,0.23
,0.21
,0.81
,0.71
,0.14
,0.91
,0.12
,0.81
,1.0
,0.18
,0.76
,0.99
,1.0
,0.94
,1.0
,0.32
,0.94
,0.09
,0.88
,0.95
,0.16
,0.81
,0.13
,0.74
,0.17
,0.99
,0.92
,0.16
,0.72
,0.15
,0.75
,0.89
,0.17
,0.23
,0.81
,1.0
,0.79
,0.12
,0.13
,0.13
,0.83
,1.0
,0.21
,1.0
,0.85
,0.14
,0.72
,0.19
,0.8
,0.11
,0.13
,0.82
,0.74
,1.0
,0.32
,0.72
,1.0
,1.0
,0.78
,0.16
,0.28
,1.0
,0.82
,0.13
,0.09
,0.7
,1.0
,1.0
,0.76
,0.74
,0.81
,0.21
,1.0
,0.13
,1.0
,1.0
,0.16
,0.16
,0.19
,0.99
,0.8
,1.0
,1.0
,0.13
,0.94
,0.16
,0.97
,1.0
,0.8
,0.19
,0.16
,1.0
,1.0
,0.88
,1.0
,1.0
,0.19
,0.09
,0.92
,0.68
,0.19
,1.0
,1.0
,0.83
,1.0
,0.24
,0.13
,0.21
,0.13
,0.12
,0.73
,0.96
,1.0
,0.26
,0.12
,0.19
,0.17
,1.0
,0.18
,0.08
,0.89
,0.77
,0.09
,0.85
,1.0
,1.0
,1.0
,0.77
,0.68
,1.0
,0.18
,0.2
,0.15
,0.2
,0.24
,1.0
,0.12
,0.16
,0.68
,0.12
,0.82
,0.96
,1.0
,0.12
,0.8
,0.92
,0.77
,0.8
,0.14
,0.98
,1.0
,0.11
,1.0
,0.78
,0.82
,0.09
,0.2
,1.0
,0.12
,0.12
,0.78
,0.14
,0.15
,0.08
,0.1
,0.09
,0.81
,0.12
,0.14
,0.23
,0.14
,0.18
,1.0
,0.23
,0.99
,1.0
,0.93
,1.0
,0.88
,0.89
,0.82
,1.0
,0.82
,0.22
,1.0
,0.8
,0.09
,0.15
,0.86
,0.73
,0.84
,0.16
,1.0
,0.8
,0.24
,0.23
,1.0
,0.8
,0.11
,0.24
,0.23
,1.0
,0.99
,0.12
,1.0
,0.12
,1.0
,0.23
,0.83
,0.12
,0.23
,0.16
,0.83
,0.68
,0.24
,0.15
,1.0
,0.82
,0.78
,1.0
,0.82
,0.19
,0.19
,1.0
,0.15
,0.19
,0.81
,0.65
,0.78
,0.77
,0.81
,0.14
,0.78
,1.0
,0.82
,1.0
,0.99
,0.16
,0.1
,0.09
,0.8
,1.0
,0.26
,0.84
,0.77
,0.8
,0.14
,1.0
,0.18
,0.73
,0.13
,0.83
,1.0
,0.99
,0.92
,0.25
,0.14
,1.0
,0.88
,0.15
,0.09
,0.86
,0.81
,0.84
,0.79
,1.0
,0.23
,0.13
,0.17
,1.0
,0.83
,0.16
,0.96
,0.09
,0.12
,0.81
,0.19
,0.89
,0.83
,0.25
,1.0
,1.0
,1.0
,0.24
,1.0
,0.15
,0.07
,0.99
,1.0
,1.0
,1.0
,0.72
,0.84
,0.23
,0.75
,0.12
,1.0
,1.0
,0.85
,0.17
,1.0
,0.88
,0.17
,0.18
,1.0
,0.81
,0.84
,1.0
,0.78
,1.0
,0.17
,0.91
,0.8
,0.82
,0.13
,0.14
,0.79
,0.83
,0.12
,0.15
,0.12
,1.0
,0.18
,0.13
,0.79
,0.13
,0.11
,0.84
,0.76
,0.79
,0.24
,0.18
,0.19
,1.0
,1.0
,0.15
,0.2
,0.84
,0.13
,0.83
,0.8
,0.2
,0.21
,0.09
,0.21
,0.16
,0.84
,0.23
,0.99
,1.0
,0.16
,0.19
,0.77
,1.0
,0.21
,1.0
,0.19
,1.0
,0.15
,0.81
,0.83
,0.74
,0.2
,0.16
,0.22
,0.78
,0.85
,0.81
,0.17
,1.0
,0.81
,0.99
,0.76
,0.16
,0.72
,0.81
,0.77
,0.88
,0.1
,0.09
,0.76
,0.79
,0.99
,0.71
,0.24
,0.75
,0.84
,0.17
,0.99
,0.11
,0.12
,0.81
,0.84
,0.2
,1.0
,0.89
,0.76
,0.16
,0.24
,0.78
,0.24
,1.0
,0.81
,0.19
,0.77
,1.0
,1.0
,0.12
,0.18
,0.79
,0.96
,0.12
,0.13
,0.96
,1.0
,0.85
,0.72
,0.17
,0.16
,1.0
,0.88
,0.74
,0.18
,0.8
,0.09
,0.17
,0.26
,0.99
,0.2
,0.96
,0.8
,0.19
,0.17
,0.94
,0.81
,0.26
,0.77
,0.97
,0.85
,0.25
,0.82
,0.26
,0.73
,0.73
,0.74
,0.15
,0.14
,0.89
,1.0
,0.77
,1.0
,1.0
,0.74
,0.2
,0.73
,0.12
,0.99
,0.83
,0.85
,0.11
,0.22
,0.75
,1.0
,0.83
,0.19
,0.99
,0.16
,0.83
,0.84
,0.82
,0.72
,0.82
,1.0
,1.0
,0.15
,0.14
,0.75
,0.78
,0.13
,1.0
,1.0
,0.99
,0.74
,1.0
,0.99
,0.87
,0.12
,0.82
,1.0
,1.0
,0.12
,0.68
,0.73
,0.86
,0.95
,0.16
,0.84
,0.76
,0.15
,0.19
,0.74
,0.18
,1.0
,0.24
,0.68
,0.74
,0.8
,0.1
,0.09
,0.79
,0.77
,0.82
,0.24
,0.09
,0.15
,1.0
,0.12
,0.17
,0.82
,0.75
,1.0
,0.18
,1.0
,0.08
,1.0
,0.06
,0.23
,0.17
,0.75
,1.0
,1.0
,0.89
,0.19
,0.8
,0.12
,0.89
,0.9
,0.04
,0.18
,0.2
,1.0
,1.0
,1.0
,0.91
,0.99
,0.99
,1.0
,0.97
,0.73
,0.19
,0.16
,0.13
,0.84
,0.15
,0.15
,0.98
,1.0
,0.76
,0.2
,0.8
,0.82
,0.18
,0.15
,0.11
,1.0
,0.19
,0.91
,0.12
,1.0
,0.73
,0.83
,0.09
,0.74
,0.86
,0.84
,0.19
,0.72
,0.21
,0.87
,0.14
,0.16
,0.2
,0.77
,0.21
,0.79
,0.22
,0.82
,1.0
,1.0
,0.81
,0.18
,0.99
,1.0
,0.99
,1.0
,0.3
,0.11
,0.1
,0.23
,1.0
,0.11
,0.1
,1.0
,0.74
,0.19
,0.19
,0.14
,0.76
,0.21
,1.0
,0.93
,0.16
,0.13
,0.2
,0.11
,0.78
,0.08
,1.0
,1.0
,0.89
,0.75
,1.0
,0.77
,0.85
,0.15
,0.13
,1.0
,0.14
,0.86
,0.82
,0.18
,0.22
,1.0
,0.16
,0.92
,0.78
,1.0
,0.81
,0.85
,0.77
,0.04
,0.16
,1.0
,0.14
,1.0
,0.17
,0.13
,1.0
,1.0
,0.19
,0.8
,1.0
,0.25
,1.0
,1.0
,0.18
,0.91
,0.31
,0.96
,0.05
,0.75
,0.78
,0.97
,0.16
,0.08
,0.77
,0.78
,0.23
,1.0
,1.0
,0.19
,0.77
,0.18
,0.79
,0.8
,0.13
,1.0
,0.95
,0.11
,0.81
,1.0
,1.0
,0.19
,1.0
,0.74
,1.0
,0.86
,1.0
,0.75
,0.1
,0.79
,0.76
,1.0
,0.29
,0.86
,0.99
,0.08
,0.99
,0.79
,0.84
,0.21
,1.0
,1.0
,1.0
,0.92
,0.23
,0.8
,0.12
,0.69
,0.99
,1.0
,0.8
,1.0
,0.15
,1.0
,0.79
,0.84
,0.79
,0.2
,1.0
,0.99
,1.0
,0.95
,0.8
,1.0
,0.15
,0.8
,0.17
,0.98
,0.76
,0.99
,0.78
,0.16
,1.0
,1.0
,1.0
,0.18
,0.8
,0.17
,0.79
,0.11
,0.25
,0.91
,0.17
,1.0
,0.97
,0.17
,0.7
,0.18
,0.82
,0.1
,0.99
,1.0
,0.12
,0.14
,1.0
,0.69
,0.11
,1.0
,0.17
,0.76
,1.0
,1.0
,0.19
,0.69
,0.84
,0.14
,0.13
,0.99
,0.78
,0.99
,0.17
,0.14
,0.91
,0.18
,1.0
,0.66
,1.0
,0.23
,0.7
,0.12
,0.69
,0.11
,1.0
,0.66
,0.11
,0.2
,1.0
,0.68
,0.17
,0.99
,0.8
,0.75
,1.0
,0.12
,0.11
,0.11
,0.79
,0.18
,0.2
,0.66
,0.18
,0.65
,1.0
,0.76
,0.7
,0.03
,0.9
,0.27
,1.0
,0.19
,0.1
,0.64
,0.8
,0.99
,0.08
,1.0
,0.83
,1.0
,0.88
,0.88
,0.16
,0.76
,0.74
,1.0
,0.79
,0.81
,0.14
,0.81
,0.18
,1.0
,0.9
,0.97
,0.27
,1.0
,0.15
,0.15
,0.83
,0.98
,0.16
,1.0
,0.06
,0.17
,0.7
,0.99
,0.19
,0.17
,1.0
,0.13
,0.92
,0.81
,0.16
,0.15
,0.87
,0.27
,0.81
,0.1
,0.17
,0.15
,0.78
,0.78
,0.76
,0.21
,0.21
,0.99
,0.13
,0.06
,1.0
,0.87
,1.0
,1.0
,1.0
,0.72
,1.0
,1.0
,0.08
,0.14
,0.92
,0.72
,0.99
,1.0
,0.68
,0.15
,0.16
,0.11
,0.17
,0.2
,0.2
,0.83
,1.0
,0.79
,0.07
,0.87
,0.13
,1.0
,1.0
,0.2
,0.91
,0.73
,0.14
,0.85
,0.75
,0.23
,1.0
,0.17
,1.0
,0.14
,0.24
,0.14
,1.0
,0.16
,1.0
,1.0
,0.75
,1.0
,0.19
,0.13
,0.82
,0.97
,0.79
,1.0
,0.78
,0.85
,1.0
,1.0
,0.19
,0.82
,0.77
,1.0
,0.18
,1.0
,0.79
,0.89
,0.15
,0.2
,0.99
,0.12
,0.25
,0.21
,0.26
,0.16
,0.79
,0.16
,0.14
,0.98
,0.99
,0.21
,0.27
,0.15
,0.82
,0.75
,1.0
,0.82
,0.94
,0.87
,0.8
,0.14
,0.16
,0.11
,0.75
,0.2
,1.0
,0.73
,0.88
,0.17
,1.0
,0.21
,1.0
,0.17
,0.76
,0.11
,0.17
,0.85
,1.0
,0.73
,0.18
,0.25
,0.21
,0.98
,0.75
,0.08
,1.0
,0.22
,0.17
,0.77
,0.18
,0.08
,0.13
,0.77
,0.98
,1.0
,0.72
,0.19
,1.0
,0.16
,0.22
,0.24
,0.79
,0.71
,0.75
,0.15
,0.83
,0.94
,1.0
,0.1
,0.75
,0.11
,1.0
,1.0
,1.0
,0.17
,0.8
,1.0
,0.22
,0.12
,0.15
,1.0
,0.96
,0.19
,0.2
,1.0
,0.78
,0.09
,0.85
,0.12
,0.72
,0.23
,1.0
,0.97
,0.37
,0.19
,0.75
,0.96
,1.0
,0.13
,0.99
,0.68
,0.14
,0.99
,0.19
,1.0
,0.16
,0.14
,1.0
,1.0
,0.04
,0.95
,0.99
,0.99
,0.1
,1.0
,0.17
,0.09
,1.0
,0.83
,0.22
,0.13
,0.2
,0.92
,0.88
,0.73
,0.78
,0.87
,0.8
,0.8
,0.2
,0.1
,1.0
,0.23
,0.83
,1.0
,0.23
,0.13
,0.94
,0.22
,0.29
,1.0
,0.22
,0.97
,0.82
,0.73
,0.75
,0.87
,0.84
,0.75
,0.22
,0.18
,0.08
,0.1
,0.08
,0.2
,0.69
,1.0
,0.75
,0.82
,0.18
,0.22
,0.17
,1.0
,0.81
,0.78
,0.75
,0.78
,0.18
,0.7
,0.67
,0.97
,0.17
,0.21
,0.98
,1.0
,0.93
,0.08
,0.21
,0.84
,0.12
,0.2
,0.85
,0.15
,0.77
,0.21
,0.85
,1.0
,0.82
,0.11
,0.15
,0.12
,0.94
,0.96
,0.1
,0.86
,0.14
,0.85
,0.89
,0.18
,1.0
,0.19
,0.77
,1.0
,0.79
,0.75
,0.14
,0.23
,1.0
,0.83
,0.19
,0.11
,0.14
,0.25
,0.99
,0.15
,0.17
,0.87
,0.13
,0.11
,0.78
,1.0
,0.15
,0.8
,0.05
,0.82
,0.82
,1.0
,0.23
,0.15
,0.14
,0.91
,0.13
,0.18
,0.97
,0.82
,1.0
,0.24
,0.13
,1.0
,0.73
,1.0
,0.68
,0.65
,0.18
,0.18
,0.82
,0.19
,1.0
,0.08
,1.0
,0.11
,0.2
,0.2
,0.82
,1.0
,0.99
,1.0
,0.1
,0.18
,0.16
,0.8
,0.78
,1.0
,0.09
,0.89
,0.85
,0.12
,0.17
,0.15
,0.96
,0.13
,0.79
,1.0
,1.0
,0.86
,0.15
,1.0
,0.98
,1.0
,0.81
,0.17
,1.0
,0.17
,0.18
,1.0
,0.27
,0.17
,1.0
,1.0
,0.25
,0.87
,0.89
,0.19
,0.15
,0.12
,0.63
,0.82
,1.0
,0.1
,0.93
,1.0
,0.81
,0.96
,0.17
,0.73
,0.8
,1.0
,0.28
,0.1
,1.0
,0.99
,0.77
,0.2
,1.0
,0.18
,1.0
,1.0
,1.0
,1.0
,1.0
,0.74
,0.29
,0.77
,0.94
,0.17
,0.82
,0.3
,1.0
,0.1
,0.25
,0.84
,0.86
,0.1
,0.22
,0.07
,0.8
,0.86
,0.77
,0.79
,0.87
,0.79
,0.97
,1.0
,0.78
,0.14
,0.16
,0.18
,1.0
,0.17
,0.15
,0.91
,0.26
,1.0
,1.0
,0.13
,0.18
,0.11
,0.79
,0.71
,1.0
,0.13
,0.82
,1.0
,0.85
,0.13
,0.16
,1.0
,0.79
,1.0
,0.79
,0.82
,0.18
,0.75
,1.0
,0.17
,1.0
,0.77
,0.82
,0.19
,0.81
,1.0
,0.91
,1.0
,0.76
,0.88
,0.98
,0.22
,0.15
,0.16
,0.11
,1.0
,0.11
,0.18
,1.0
,1.0
,0.13
,0.12
,0.16
,0.96
,1.0
,0.74
,0.09
,0.15
,1.0
,0.24
,0.99
,0.27
,0.86
,0.85
,0.11
,0.85
,0.19
,0.99
,0.75
,0.21
,0.84
,0.2
,1.0
,1.0
,0.14
,0.11
,0.21
,0.74
,0.15
,0.09
,1.0
,0.28
,0.21
,0.1
,0.22
,0.86
,1.0
,0.1
,1.0
,0.66
,0.8
,0.77
,0.89
,0.21
,1.0
,0.15
,0.13
,1.0
,0.79
,0.72
,0.78
,1.0
,0.83
,1.0
,0.18
,0.16
,0.8
,0.99
,0.18
,0.82
,0.99
,1.0
,0.98
,0.74
,0.78
,0.8
,0.18
,0.15
,0.66
,0.36
,0.82
,0.29
,0.99
,0.22
,0.83
,0.73
,0.17
,0.87
,0.21
,0.73
,0.73
,0.14
,1.0
,0.13
,0.88
,0.2
,0.71
,1.0
,0.16
,0.16
,0.86
,0.8
,0.09
,0.1
,1.0
,0.93
,0.14
,0.78
,0.81
,0.17
,0.17
,0.76
,1.0
,0.11
,1.0
,0.84
,1.0
,1.0
,0.79
,0.2
,0.21
,0.68
,0.09
,0.99
,0.14
,0.11
,1.0
,0.77
,1.0
,1.0
,0.15
,0.18
,0.16
,0.99
,0.3
,0.99
,0.19
,0.14
,0.98
,0.09
,1.0
,0.1
,0.79
,0.2
,0.19
,0.13
,0.84
,0.11
,1.0
,1.0
,0.88
,0.79
,0.13
,1.0
,0.85
,0.22
,0.71
,0.8
,0.16
,0.3
,0.22
,0.79
,0.16
,1.0
,1.0
,0.74
,0.17
,0.15
,1.0
,0.98
,0.35
,0.12
,0.3
,0.83
,0.13
,0.83
,0.14
,0.83
,0.97
,1.0
,0.79
,0.8
,1.0
,0.73
,0.86
,0.86
,1.0
,0.15
,0.83
,0.95
,0.15
,0.11
,0.16
,0.98
,0.99
,0.73
,0.18
,0.84
,0.84
,1.0
,0.79
,0.2
,1.0
,0.1
,0.22
,0.12
,0.18
,0.2
,0.73
,0.15
,0.2
,1.0
,0.76
,0.88
,0.21
,0.08
,0.8
,0.81
,1.0
,1.0
,0.12
,0.14
,0.68
,1.0
,0.96
,0.98
,1.0
,0.12
,1.0
,0.8
,1.0
,0.74
,0.08
,0.74
,0.17
,0.99
,0.74
,0.73
,1.0
,1.0
,0.17
,0.73
,1.0
,0.15
,0.34
,0.88
,0.82
,0.84
,0.98
,1.0
,0.8
,0.23
,0.7
,0.14
,0.26
,0.98
,1.0
,0.73
,0.2
,0.19
,0.77
,0.99
,0.12
,0.9
,0.14
,0.72
,0.13
,0.17
,1.0
,0.95
,0.16
,0.84
,0.09
,0.09
,0.13
,0.79
,0.89
,0.14
,1.0
,0.24
,0.81
,0.29
,0.06
,0.77
,0.13
,0.98
,0.19
,0.13
,1.0
,0.92
,0.26
,0.82
,1.0
,0.25
,0.16
,1.0
,0.14
,0.8
,0.97
,0.77
,1.0
,0.2
,0.22
,1.0
,0.88
,0.12
,0.21
,0.81
,0.98
,0.76
,1.0
,0.27
,1.0
,0.19
,0.81
,0.83
,0.85
,1.0
,0.22
,0.2
,0.85
,1.0
,0.21
,0.08
,0.8
,0.22
,1.0
,0.12
,0.83
,0.81
,1.0
,0.77
,0.17
,0.15
,0.1
,0.77
,0.78
,0.14
,0.78
,0.22
,0.22
,0.83
,1.0
,0.14
,0.12
,0.14
,1.0
,0.97
,0.9
,0.86
,0.21
,0.12
,0.14
,0.78
,0.78
,0.15
,0.95
,0.12
,1.0
,0.82
,0.21
,0.8
,1.0
,1.0
,0.96
,0.66
,0.82
,0.72
,0.78
,0.94
,0.85
,0.94
,0.11
,0.89
,0.99
,0.72
,0.78
,0.19
,0.83
,0.18
,0.14
,1.0
,0.99
,0.87
,0.12
,0.66
,0.2
,0.7
,0.25
,0.19
,0.09
,0.14
,1.0
,0.17
,0.82
,0.2
,0.81
,0.1
,0.99
,0.82
,0.81
,0.18
,0.11
,1.0
,0.81
,0.71
,1.0
,0.23
,0.17
,0.73
,0.8
,0.14
,0.15
,0.99
,0.79
,0.21
,0.72
,0.15
,0.77
,0.95
,0.15
,1.0
,0.84
,1.0
,0.16
,0.25
,0.77
,0.8
,1.0
,0.75
,1.0
,0.19
,0.2
,0.69
,0.08
,0.17
,0.81
,0.76
,0.25
,0.19
,1.0
,1.0
,0.16
,0.9
,0.19
,0.18
,1.0
,0.82
,1.0
,0.21
,0.13
,1.0
,0.72
,0.05
,0.79
,0.24
,1.0
,0.82
,1.0
,0.74
,0.1
,0.86
,0.26
,0.12
,0.84
,0.97
,0.74
,0.16
,0.72
,1.0
,0.16
,0.14
,0.06
,0.15
,0.06
,0.19
,1.0
,0.88
,0.22
,0.12
,0.17
,0.88
,0.8
,0.12
,0.11
,0.34
,0.19
,0.21
,0.68
,0.9
,0.99
,0.78
,0.15
,0.84
,0.72
,1.0
,1.0
,1.0
,0.86
,0.14
,0.24
,1.0
,0.19
,0.82
,0.13
,0.12
,0.85
,0.27
,0.73
,0.24
,1.0
,0.82
,0.08
,1.0
,0.26
,0.08
,1.0
,0.18
,1.0
,0.99
,1.0
,0.75
,0.81
,0.22
,0.11
,0.1
,0.74
,1.0
,0.13
,0.18
,0.89
,0.81
,0.09
,0.21
,0.19
,0.22
,0.85
,0.83
,1.0
,0.15
,0.96
,0.77
,0.83
,0.72
,0.78
,0.18
,0.77
,0.15
,1.0
,1.0
,1.0
,0.98
,1.0
,0.19
,0.77
,0.14
,0.16
,0.85
,0.75
,0.75
,0.24
,0.08
,0.17
,0.14
,1.0
,0.72
,0.15
,0.84
,1.0
,1.0
,1.0
,0.75
,1.0
,0.77
,1.0
,0.17
,0.77
,1.0
,1.0
,1.0
,0.27
,0.88
,1.0
,1.0
,0.17
,0.74
,0.18
,0.78
,0.81
,0.2
,0.72
,0.28
,0.16
,0.15
,0.97
,1.0
,0.26
,0.99
,0.82
,0.11
,0.2
,1.0
,0.95
,0.83
,0.76
,0.11
,0.25
,0.11
,0.92
,0.18
,0.19
,1.0
,0.86
,0.11
,0.21
,0.82
,1.0
,0.78
,1.0
,0.81
,0.75
,1.0
,0.21
,0.82
,1.0
,0.16
,0.99
,0.77
,0.17
,0.15
,0.16
,0.89
,1.0
,0.18
,0.72
,0.95
,0.08
,0.19
,0.12
,1.0
,0.15
,0.71
,1.0
,1.0
,0.08
,0.09
,0.8
,0.97
,1.0
,0.11
,0.08
,0.27
,0.22
,0.87
,0.09
,0.77
,0.15
,0.12
,0.2
,0.17
,0.76
,0.91
,1.0
,0.88
,1.0
,0.8
,0.97
,0.72
,0.13
,1.0
,0.18
,1.0
,0.84
,1.0
,0.09
,0.99
,0.28
,0.18
,0.2
,0.71
,0.84
,0.21
,1.0
,0.85
,0.11
,0.96
,0.05
,0.83
,0.81
,1.0
,0.17
,0.79
,0.96
,0.12
,0.2
,0.82
,0.19
,0.26
,0.28
,0.71
,1.0
,0.1
,0.15
,1.0
,0.22
,0.13
,0.83
,1.0
,1.0
,0.16
,0.14
,0.81
,0.19
,0.17
,0.87
,0.8
,0.76
,0.1
,0.98
,0.14
,0.95
,1.0
,0.69
,0.81
,1.0
,0.11
,0.08
,0.18
,0.09
,0.15
,0.16
,0.13
,0.9
,1.0
,0.27
,1.0
,1.0
,1.0
,0.17
,0.13
,0.15
,0.72
,0.77
,0.24
,0.79
,1.0
,0.77
,0.85
,0.71
,0.87
,0.16
,0.99
,1.0
,0.98
,1.0
,0.23
,0.77
,0.92
,1.0
,0.21
,0.82
,0.77
,0.97
,0.82
,0.79
,0.77
,1.0
,0.87
,0.24
,0.81
,0.16
,0.09
,0.21
,0.74
,1.0
,0.78
,0.17
,1.0
,0.96
,0.22
,1.0
,0.29
,0.12
,0.79
,0.07
,0.75
,0.88
,0.78
,0.71
,0.68
,0.09
,0.19
,1.0
,0.73
,1.0
,0.12
,0.13
,0.76
,0.15
,0.2
,1.0
,0.81
,0.25
,0.21
,0.87
,0.78
,0.96
,0.83
,0.83
,0.21
,1.0
,1.0
,1.0
,0.71
,0.08
,0.99
,0.18
,0.14
,0.14
,1.0
,0.11
,1.0
,0.14
,1.0
,0.18
,0.16
,0.81
,0.16
,0.78
,0.96
,0.76
,0.17
,0.85
,0.15
,0.17
,0.79
,0.18
,0.89
,1.0
,0.2
,1.0
,0.77
,1.0
,1.0
,0.15
,0.81
,0.12
,0.12
,0.18
,0.23
,0.29
,0.18
,0.76
,0.13
,0.75
,0.09
,0.77
,1.0
,0.12
,0.79
,1.0
,0.81
,0.81
,1.0
,0.06
,0.21
,0.77
,0.06
,1.0
,0.82
,0.76
,0.75
,0.09
,0.2
,0.79
,1.0
,0.17
,0.15
,0.13
,0.22
,1.0
,0.1
,0.07
,0.11
,0.24
,0.64
,0.14
,0.16
,0.2
,0.8
,0.18
,0.79
,0.82
,0.12
,0.81
,0.99
,1.0
,0.16
,0.8
,0.21
,0.07
,0.23
,1.0
,0.88
,0.17
,1.0
,0.8
,0.8
,0.86
,0.84
,0.83
,1.0
,0.79
,0.98
,0.17
,1.0
,0.76
,0.13
,0.77
,0.99
,0.98
,0.74
,0.82
,0.74
,0.78
,1.0
,0.95
,1.0
,0.17
,0.72
,0.22
,0.79
,0.7
,0.84
,0.8
,0.18
,1.0
,0.77
,0.14
,1.0
,0.21
,0.18
,0.12
,1.0
,0.19
,0.81
,0.96
,0.11
,1.0
,0.76
,0.12
,0.71
,0.15
,1.0
,0.18
,0.79
,0.85
,1.0
,0.79
,0.16
,1.0
,0.84
,0.1
,0.23
,0.15
,0.99
,0.85
,0.23
,0.97
,1.0
,1.0
,0.1
,1.0
,0.15
,0.82
,1.0
,0.9
,1.0
,0.86
,0.35
,0.82
,0.13
,1.0
,0.7
,0.06
,0.97
,0.79
,0.86
,1.0
,0.8
,0.93
,0.99
,0.18
,0.16
,0.19
,0.96
,0.93
,0.19
,0.79
,0.12
,1.0
,0.77
,1.0
,0.1
,0.14
,0.16
,0.21
,0.82
,1.0
,0.18
,0.08
,0.86
,0.16
,0.97
,0.86
,0.99
,0.09
,0.16
,0.75
,0.85
,1.0
,0.75
,0.18
,0.78
,0.95
,0.78
,0.15
,0.96
,0.76
,0.13
,0.83
,0.86
,0.15
,1.0
,1.0
,0.21
,0.11
